ano,classe,indice,meta,atingiu_meta,cod_municipio
2005,AF,2.3,0,0,5200050
2005,AI,3.9,0,0,5200050
2005,AI,4,0,0,5200100
2005,AF,0,0,0,5200134
2005,AI,3.8,0,0,5200134
2005,AI,0,0,0,5200159
2005,AI,3.6,0,0,5200175
2005,AI,0,0,0,5200209
2005,AI,2.9,0,0,5200258
2005,AF,3.9,0,0,5200308
2005,AI,3.9,0,0,5200308
2005,AF,0,0,0,5200555
2005,AI,3.5,0,0,5200555
2005,AI,0,0,0,5200605
2005,AF,3,0,0,5200803
2005,AI,0,0,0,5200803
2005,AI,3.9,0,0,5200829
2005,AI,0,0,0,5200852
2005,AF,3.6,0,0,5201108
2005,AI,4.1,0,0,5201108
2005,AI,0,0,0,5201207
2005,AF,0,0,0,5201306
2005,AI,4.5,0,0,5201306
2005,AF,3.3,0,0,5201405
2005,AI,4,0,0,5201405
2005,AF,3.4,0,0,5201454
2005,AI,2.4,0,0,5201454
2005,AI,4.4,0,0,5201504
2005,AI,4,0,0,5201603
2005,AF,0,0,0,5201702
2005,AI,3.4,0,0,5201702
2005,AI,3.2,0,0,5201801
2005,AI,2.7,0,0,5202155
2005,AI,0,0,0,5202353
2005,AI,3.7,0,0,5202502
2005,AI,4.1,0,0,5202601
2005,AF,0,0,0,5202809
2005,AI,0,0,0,5202809
2005,AF,0,0,0,5203104
2005,AI,0,0,0,5203104
2005,AF,0,0,0,5203203
2005,AI,3.8,0,0,5203203
2005,AI,3.1,0,0,5203302
2005,AI,3.8,0,0,5203401
2005,AF,3.6,0,0,5203500
2005,AI,3.7,0,0,5203500
2005,AI,3.1,0,0,5203559
2005,AF,0,0,0,5203575
2005,AI,3.3,0,0,5203575
2005,AI,4.2,0,0,5203609
2005,AI,3.5,0,0,5203807
2005,AI,0,0,0,5203906
2005,AI,4.7,0,0,5203939
2005,AI,0,0,0,5203962
2005,AI,0,0,0,5204003
2005,AI,3.9,0,0,5204102
2005,AF,3.6,0,0,5204250
2005,AI,3.8,0,0,5204250
2005,AF,3.5,0,0,5204300
2005,AI,3.4,0,0,5204300
2005,AI,4.2,0,0,5204409
2005,AF,3,0,0,5204508
2005,AI,3.9,0,0,5204508
2005,AI,3.8,0,0,5204557
2005,AF,0,0,0,5204607
2005,AI,2.7,0,0,5204607
2005,AF,3.3,0,0,5204656
2005,AI,0,0,0,5204656
2005,AI,4.4,0,0,5204706
2005,AI,4.4,0,0,5204805
2005,AF,3.9,0,0,5204854
2005,AI,4,0,0,5204854
2005,AF,0,0,0,5204904
2005,AI,3.6,0,0,5204904
2005,AF,0,0,0,5204953
2005,AI,3.7,0,0,5204953
2005,AF,0,0,0,5205000
2005,AI,4.4,0,0,5205000
2005,AI,3.8,0,0,5205059
2005,AF,3.8,0,0,5205109
2005,AI,4.4,0,0,5205109
2005,AI,0,0,0,5205208
2005,AI,3.1,0,0,5205307
2005,AI,0,0,0,5205406
2005,AI,4.6,0,0,5205455
2005,AF,3.6,0,0,5205471
2005,AI,4.1,0,0,5205471
2005,AF,3.3,0,0,5205497
2005,AI,3.8,0,0,5205497
2005,AF,2.9,0,0,5205513
2005,AI,3.4,0,0,5205513
2005,AF,0,0,0,5205521
2005,AI,3.7,0,0,5205521
2005,AI,3.9,0,0,5205703
2005,AI,4.4,0,0,5205802
2005,AI,4,0,0,5205901
2005,AF,3.4,0,0,5206206
2005,AI,3.5,0,0,5206206
2005,AF,0,0,0,5206305
2005,AI,3.3,0,0,5206305
2005,AI,3.7,0,0,5206404
2005,AI,0,0,0,5206701
2005,AI,0,0,0,5206800
2005,AI,0,0,0,5206909
2005,AI,4,0,0,5207253
2005,AF,3.2,0,0,5207352
2005,AI,4.5,0,0,5207352
2005,AF,3.5,0,0,5207402
2005,AI,4.5,0,0,5207402
2005,AF,3.8,0,0,5207501
2005,AI,0,0,0,5207501
2005,AI,0,0,0,5207535
2005,AI,4.1,0,0,5207600
2005,AI,0,0,0,5207808
2005,AI,3,0,0,5207907
2005,AF,4,0,0,5208004
2005,AI,4.1,0,0,5208004
2005,AI,3.7,0,0,5208103
2005,AF,0,0,0,5208152
2005,AI,0,0,0,5208152
2005,AI,2.9,0,0,5208301
2005,AI,3.7,0,0,5208400
2005,AI,5.1,0,0,5208509
2005,AI,4.3,0,0,5208608
2005,AF,2.9,0,0,5208707
2005,AI,3.9,0,0,5208707
2005,AF,2.7,0,0,5208806
2005,AI,3.8,0,0,5208806
2005,AF,0,0,0,5208905
2005,AI,0,0,0,5208905
2005,AF,3.8,0,0,5209101
2005,AI,4,0,0,5209101
2005,AF,0,0,0,5209150
2005,AI,3.6,0,0,5209150
2005,AI,3.5,0,0,5209200
2005,AI,3.8,0,0,5209291
2005,AF,0,0,0,5209408
2005,AI,3.1,0,0,5209408
2005,AI,0,0,0,5209457
2005,AF,0,0,0,5209705
2005,AI,4,0,0,5209705
2005,AI,0,0,0,5209804
2005,AI,2.6,0,0,5209903
2005,AF,3.8,0,0,5209937
2005,AI,4.2,0,0,5209937
2005,AF,0,0,0,5209952
2005,AI,4.1,0,0,5209952
2005,AF,0,0,0,5210000
2005,AI,4.1,0,0,5210000
2005,AF,4.4,0,0,5210109
2005,AI,5.3,0,0,5210109
2005,AI,0,0,0,5210158
2005,AF,0,0,0,5210208
2005,AI,0,0,0,5210208
2005,AI,0,0,0,5210307
2005,AF,3.7,0,0,5210406
2005,AI,4.2,0,0,5210406
2005,AI,4,0,0,5210562
2005,AI,4.6,0,0,5210604
2005,AI,3.7,0,0,5210802
2005,AF,0,0,0,5210901
2005,AI,4.8,0,0,5210901
2005,AI,3.2,0,0,5211008
2005,AF,0,0,0,5211206
2005,AI,4.2,0,0,5211206
2005,AI,4.2,0,0,5211305
2005,AI,0,0,0,5211404
2005,AF,3.7,0,0,5211503
2005,AI,4.1,0,0,5211503
2005,AF,0,0,0,5211701
2005,AI,4.3,0,0,5211701
2005,AI,4.4,0,0,5211800
2005,AF,3.8,0,0,5211909
2005,AI,4,0,0,5211909
2005,AI,5.1,0,0,5212006
2005,AI,0,0,0,5212055
2005,AF,0,0,0,5212105
2005,AI,3.7,0,0,5212105
2005,AF,0,0,0,5212204
2005,AI,3.5,0,0,5212204
2005,AI,0,0,0,5212253
2005,AF,0,0,0,5212303
2005,AI,0,0,0,5212303
2005,AF,0,0,0,5212501
2005,AI,3.6,0,0,5212501
2005,AI,3.2,0,0,5212600
2005,AI,2.4,0,0,5212709
2005,AI,3.4,0,0,5212808
2005,AI,3.5,0,0,5212956
2005,AI,3.4,0,0,5213004
2005,AI,0,0,0,5213053
2005,AF,3.3,0,0,5213087
2005,AI,3.9,0,0,5213087
2005,AF,2.9,0,0,5213103
2005,AI,4.3,0,0,5213103
2005,AI,0,0,0,5213400
2005,AI,0,0,0,5213509
2005,AF,3.7,0,0,5213707
2005,AI,4.1,0,0,5213707
2005,AF,3.7,0,0,5213756
2005,AI,3.3,0,0,5213756
2005,AI,0,0,0,5213772
2005,AF,0,0,0,5213806
2005,AI,4.1,0,0,5213806
2005,AI,0,0,0,5213855
2005,AI,0,0,0,5213905
2005,AF,0,0,0,5214002
2005,AI,3.3,0,0,5214002
2005,AI,3.1,0,0,5214051
2005,AI,3.7,0,0,5214101
2005,AI,4.5,0,0,5214408
2005,AF,4,0,0,5214507
2005,AI,4.2,0,0,5214507
2005,AF,3.5,0,0,5214606
2005,AI,3.4,0,0,5214606
2005,AI,4.3,0,0,5214705
2005,AF,0,0,0,5214838
2005,AI,3,0,0,5214838
2005,AI,0,0,0,5214861
2005,AI,4.1,0,0,5214879
2005,AI,2.9,0,0,5214903
2005,AI,4.5,0,0,5215009
2005,AI,4.8,0,0,5215207
2005,AI,3.8,0,0,5215231
2005,AI,3.5,0,0,5215256
2005,AF,0,0,0,5215306
2005,AI,0,0,0,5215306
2005,AF,0,0,0,5215405
2005,AI,4.6,0,0,5215405
2005,AI,0,0,0,5215504
2005,AF,3,0,0,5215603
2005,AI,3.3,0,0,5215603
2005,AI,0,0,0,5215652
2005,AF,3.5,0,0,5215702
2005,AI,4.6,0,0,5215702
2005,AI,0,0,0,5215801
2005,AI,4.1,0,0,5215900
2005,AI,4.6,0,0,5216007
2005,AI,4,0,0,5216304
2005,AF,0,0,0,5216403
2005,AI,3.5,0,0,5216403
2005,AI,4,0,0,5216452
2005,AI,4.2,0,0,5216809
2005,AI,0,0,0,5216908
2005,AF,3.7,0,0,5217104
2005,AI,4,0,0,5217104
2005,AF,3.5,0,0,5217203
2005,AI,4.1,0,0,5217203
2005,AI,4.1,0,0,5217302
2005,AI,4.4,0,0,5217401
2005,AF,3.1,0,0,5217609
2005,AI,3.4,0,0,5217609
2005,AF,0,0,0,5217708
2005,AI,4,0,0,5217708
2005,AF,3.5,0,0,5218003
2005,AI,3.5,0,0,5218003
2005,AI,4.2,0,0,5218052
2005,AI,0,0,0,5218102
2005,AF,4,0,0,5218300
2005,AI,3.4,0,0,5218300
2005,AF,4,0,0,5218508
2005,AI,4.1,0,0,5218508
2005,AI,5.2,0,0,5218607
2005,AI,4,0,0,5218706
2005,AI,3.7,0,0,5218789
2005,AF,4.1,0,0,5218805
2005,AI,4.6,0,0,5218805
2005,AF,4.6,0,0,5218904
2005,AI,4.8,0,0,5218904
2005,AI,4.9,0,0,5219001
2005,AI,4.4,0,0,5219100
2005,AI,2.8,0,0,5219209
2005,AI,3.8,0,0,5219258
2005,AI,3.7,0,0,5219308
2005,AI,3.6,0,0,5219407
2005,AI,0,0,0,5219456
2005,AI,4.9,0,0,5219506
2005,AF,0,0,0,5219605
2005,AI,3.8,0,0,5219605
2005,AF,0,0,0,5219704
2005,AI,4,0,0,5219704
2005,AI,3.5,0,0,5219712
2005,AI,3.6,0,0,5219738
2005,AF,0,0,0,5219753
2005,AI,3.2,0,0,5219753
2005,AF,0,0,0,5219803
2005,AI,2.8,0,0,5219803
2005,AI,3.8,0,0,5219902
2005,AI,3.8,0,0,5220009
2005,AI,0,0,0,5220058
2005,AF,0,0,0,5220108
2005,AI,4.3,0,0,5220108
2005,AI,3.8,0,0,5220157
2005,AI,4.1,0,0,5220207
2005,AF,0,0,0,5220264
2005,AI,3.9,0,0,5220264
2005,AI,4.4,0,0,5220280
2005,AF,4.3,0,0,5220405
2005,AI,4.5,0,0,5220405
2005,AF,3,0,0,5220454
2005,AI,3.4,0,0,5220454
2005,AF,4,0,0,5220504
2005,AI,4,0,0,5220504
2005,AF,0,0,0,5220603
2005,AI,4,0,0,5220603
2005,AI,2.9,0,0,5220686
2005,AF,0,0,0,5221007
2005,AI,4.7,0,0,5221007
2005,AI,0,0,0,5221080
2005,AI,3.7,0,0,5221197
2005,AI,0,0,0,5221304
2005,AF,3.6,0,0,5221403
2005,AI,3.9,0,0,5221403
2005,AI,3.8,0,0,5221452
2005,AI,0,0,0,5221502
2005,AF,0,0,0,5221551
2005,AI,3.1,0,0,5221551
2005,AF,0,0,0,5221577
2005,AI,3.8,0,0,5221577
2005,AF,0,0,0,5221601
2005,AI,4,0,0,5221601
2005,AF,0,0,0,5221700
2005,AI,0,0,0,5221700
2005,AI,5,0,0,5221809
2005,AF,3.8,0,0,5221858
2005,AI,3.5,0,0,5221858
2005,AI,0,0,0,5221908
2005,AF,0,0,0,5222005
2005,AI,5,0,0,5222005
2005,AF,3.4,0,0,5222054
2005,AI,3.3,0,0,5222054
2005,AF,0,0,0,5222203
2005,AI,4.1,0,0,5222203
2005,AI,3.6,0,0,5222302
2007,AF,3.9,2.4,1,5200050
2007,AI,4.3,3.9,1,5200050
2007,AI,3.8,4.1,0,5200100
2007,AF,2.8,0,0,5200134
2007,AI,3.6,3.8,0,5200134
2007,AI,0,0,0,5200159
2007,AI,4.4,3.7,1,5200175
2007,AI,3.3,0,0,5200209
2007,AI,3.7,3,1,5200258
2007,AF,3.9,3.9,1,5200308
2007,AI,4.2,4,1,5200308
2007,AF,0,0,0,5200555
2007,AI,4.3,3.6,1,5200555
2007,AI,3.5,0,0,5200605
2007,AF,0,3,0,5200803
2007,AI,0,0,0,5200803
2007,AI,3.9,3.9,1,5200829
2007,AI,4.1,0,0,5200852
2007,AF,3.9,3.6,1,5201108
2007,AI,4.1,4.2,0,5201108
2007,AI,4.2,0,0,5201207
2007,AF,3.8,0,0,5201306
2007,AI,4.3,4.6,0,5201306
2007,AF,3.3,3.3,1,5201405
2007,AI,4.1,4.1,1,5201405
2007,AF,3.2,3.4,0,5201454
2007,AI,3.5,2.5,1,5201454
2007,AI,4.2,4.5,0,5201504
2007,AI,4.4,4,1,5201603
2007,AF,3.7,0,0,5201702
2007,AI,4.2,3.4,1,5201702
2007,AI,4,3.2,1,5201801
2007,AI,4,2.7,1,5202155
2007,AI,4.2,0,0,5202353
2007,AI,3.6,3.8,0,5202502
2007,AI,4.7,4.1,1,5202601
2007,AF,3.8,0,0,5202809
2007,AI,4.3,0,0,5202809
2007,AF,4,0,0,5203104
2007,AI,3.3,0,0,5203104
2007,AF,4.5,0,0,5203203
2007,AI,4.2,3.8,1,5203203
2007,AI,4.4,3.1,1,5203302
2007,AI,0,3.9,0,5203401
2007,AF,3.5,3.7,0,5203500
2007,AI,4.1,3.7,1,5203500
2007,AI,3.7,3.1,1,5203559
2007,AF,4,0,0,5203575
2007,AI,4,3.4,1,5203575
2007,AI,3.7,4.3,0,5203609
2007,AI,3.3,3.6,0,5203807
2007,AI,0,0,0,5203906
2007,AI,4.4,4.7,0,5203939
2007,AI,4.1,0,0,5203962
2007,AI,3.2,0,0,5204003
2007,AI,4.4,4,1,5204102
2007,AF,4.3,3.6,1,5204250
2007,AI,4.3,3.8,1,5204250
2007,AF,4.5,3.5,1,5204300
2007,AI,4.2,3.5,1,5204300
2007,AI,4.8,4.2,1,5204409
2007,AF,3.9,3.1,1,5204508
2007,AI,3.8,4,0,5204508
2007,AI,3.5,3.9,0,5204557
2007,AF,2.8,0,0,5204607
2007,AI,0,2.7,0,5204607
2007,AF,4,3.4,1,5204656
2007,AI,4.4,0,0,5204656
2007,AI,4.2,4.4,0,5204706
2007,AI,4,4.5,0,5204805
2007,AF,3.9,3.9,1,5204854
2007,AI,3.8,4.1,0,5204854
2007,AF,3.6,0,0,5204904
2007,AI,3.3,3.6,0,5204904
2007,AF,4,0,0,5204953
2007,AI,3.7,3.8,0,5204953
2007,AF,2.8,0,0,5205000
2007,AI,4.4,4.4,1,5205000
2007,AI,4,3.8,1,5205059
2007,AF,4,3.8,1,5205109
2007,AI,4.5,4.5,1,5205109
2007,AI,4,0,0,5205208
2007,AI,3.3,3.2,1,5205307
2007,AI,4.4,0,0,5205406
2007,AI,4.4,4.7,0,5205455
2007,AF,5,3.6,1,5205471
2007,AI,5.1,4.2,1,5205471
2007,AF,3.5,3.3,1,5205497
2007,AI,4.1,3.8,1,5205497
2007,AF,3.2,3,1,5205513
2007,AI,3.7,3.5,1,5205513
2007,AF,0,0,0,5205521
2007,AI,3.3,3.8,0,5205521
2007,AI,4.6,4,1,5205703
2007,AI,4.5,4.5,1,5205802
2007,AI,4.4,4.1,1,5205901
2007,AF,4.3,3.4,1,5206206
2007,AI,3.9,3.5,1,5206206
2007,AF,3.6,0,0,5206305
2007,AI,3.8,3.3,1,5206305
2007,AI,5.5,3.8,1,5206404
2007,AI,3.5,0,0,5206701
2007,AI,3.7,0,0,5206800
2007,AI,4.3,0,0,5206909
2007,AI,4.3,4.1,1,5207253
2007,AF,3.5,3.2,1,5207352
2007,AI,5,4.6,1,5207352
2007,AF,4.3,3.5,1,5207402
2007,AI,4.5,4.5,1,5207402
2007,AF,3.7,3.9,0,5207501
2007,AI,4.3,0,0,5207501
2007,AI,3.8,0,0,5207535
2007,AI,5,4.2,1,5207600
2007,AI,4.7,0,0,5207808
2007,AI,3.6,3.1,1,5207907
2007,AF,4.1,4,1,5208004
2007,AI,4.3,4.2,1,5208004
2007,AI,4.3,3.8,1,5208103
2007,AF,4,0,0,5208152
2007,AI,4.1,0,0,5208152
2007,AI,3.7,2.9,1,5208301
2007,AI,4,3.7,1,5208400
2007,AI,4.8,5.2,0,5208509
2007,AI,4.8,4.4,1,5208608
2007,AF,3.3,2.9,1,5208707
2007,AI,4.2,3.9,1,5208707
2007,AF,3.1,2.7,1,5208806
2007,AI,3.6,3.9,0,5208806
2007,AF,4.1,0,0,5208905
2007,AI,0,0,0,5208905
2007,AF,4.4,3.8,1,5209101
2007,AI,4.8,4.1,1,5209101
2007,AF,0,0,0,5209150
2007,AI,4.2,3.7,1,5209150
2007,AI,3.9,3.6,1,5209200
2007,AI,4.1,3.8,1,5209291
2007,AF,0,0,0,5209408
2007,AI,3,3.1,0,5209408
2007,AI,0,0,0,5209457
2007,AF,3.6,0,0,5209705
2007,AI,4.2,4,1,5209705
2007,AI,4,0,0,5209804
2007,AI,3.4,2.7,1,5209903
2007,AF,3.5,3.8,0,5209937
2007,AI,3.6,4.3,0,5209937
2007,AF,3.6,0,0,5209952
2007,AI,4,4.2,0,5209952
2007,AF,3.9,0,0,5210000
2007,AI,4.5,4.2,1,5210000
2007,AF,4.6,4.5,1,5210109
2007,AI,5.1,5.4,0,5210109
2007,AI,0,0,0,5210158
2007,AF,3,0,0,5210208
2007,AI,4.1,0,0,5210208
2007,AI,4.3,0,0,5210307
2007,AF,4.3,3.7,1,5210406
2007,AI,4.5,4.3,1,5210406
2007,AI,5,4,1,5210562
2007,AI,4.5,4.7,0,5210604
2007,AI,4.3,3.8,1,5210802
2007,AF,4.5,0,0,5210901
2007,AI,5.6,4.9,1,5210901
2007,AI,3.9,3.3,1,5211008
2007,AF,4.2,0,0,5211206
2007,AI,4.5,4.3,1,5211206
2007,AI,4,4.3,0,5211305
2007,AI,0,0,0,5211404
2007,AF,4.1,3.8,1,5211503
2007,AI,4.4,4.2,1,5211503
2007,AF,4.3,0,0,5211701
2007,AI,4.1,4.4,0,5211701
2007,AI,4.6,4.4,1,5211800
2007,AF,3.7,3.8,0,5211909
2007,AI,4.3,4.1,1,5211909
2007,AI,4.4,5.1,0,5212006
2007,AI,0,0,0,5212055
2007,AF,3.8,0,0,5212105
2007,AI,4.5,3.8,1,5212105
2007,AF,4.9,0,0,5212204
2007,AI,4.3,3.5,1,5212204
2007,AI,3.5,0,0,5212253
2007,AF,0,0,0,5212303
2007,AI,3.1,0,0,5212303
2007,AF,0,0,0,5212501
2007,AI,4,3.7,1,5212501
2007,AI,4.2,3.3,1,5212600
2007,AI,3.6,2.5,1,5212709
2007,AI,4.4,3.4,1,5212808
2007,AI,4.6,3.6,1,5212956
2007,AI,3.5,3.5,1,5213004
2007,AI,3.9,0,0,5213053
2007,AF,3.2,3.3,0,5213087
2007,AI,4,4,1,5213087
2007,AF,2.7,2.9,0,5213103
2007,AI,4.5,4.4,1,5213103
2007,AI,3.9,0,0,5213400
2007,AI,2.9,0,0,5213509
2007,AF,4.3,3.7,1,5213707
2007,AI,4.4,4.2,1,5213707
2007,AF,3.8,3.7,1,5213756
2007,AI,3.8,3.4,1,5213756
2007,AI,3.6,0,0,5213772
2007,AF,4,0,0,5213806
2007,AI,4.3,4.2,1,5213806
2007,AI,0,0,0,5213855
2007,AI,0,0,0,5213905
2007,AF,4.1,0,0,5214002
2007,AI,4,3.4,1,5214002
2007,AI,3.6,3.1,1,5214051
2007,AI,4.5,3.8,1,5214101
2007,AI,4.2,4.5,0,5214408
2007,AF,4,4,1,5214507
2007,AI,5.1,4.3,1,5214507
2007,AF,3.5,3.5,1,5214606
2007,AI,3.8,3.5,1,5214606
2007,AI,4.2,4.4,0,5214705
2007,AF,2.9,0,0,5214838
2007,AI,3.5,3,1,5214838
2007,AI,4.9,0,0,5214861
2007,AI,4.5,4.2,1,5214879
2007,AI,4.4,3,1,5214903
2007,AI,4.9,4.6,1,5215009
2007,AI,0,4.8,0,5215207
2007,AI,3.4,3.8,0,5215231
2007,AI,4,3.6,1,5215256
2007,AF,4.6,0,0,5215306
2007,AI,4.4,0,0,5215306
2007,AF,4.8,0,0,5215405
2007,AI,4.7,4.7,1,5215405
2007,AI,5.4,0,0,5215504
2007,AF,3.1,3,1,5215603
2007,AI,3.3,3.4,0,5215603
2007,AI,5.6,0,0,5215652
2007,AF,4.3,3.5,1,5215702
2007,AI,4.6,4.7,0,5215702
2007,AI,0,0,0,5215801
2007,AI,4.3,4.2,1,5215900
2007,AI,4.6,4.7,0,5216007
2007,AI,4.6,4,1,5216304
2007,AF,0,0,0,5216403
2007,AI,4.6,3.5,1,5216403
2007,AI,4.3,4.1,1,5216452
2007,AI,4.6,4.3,1,5216809
2007,AI,0,0,0,5216908
2007,AF,4.1,3.7,1,5217104
2007,AI,3.8,4,0,5217104
2007,AF,3.7,3.5,1,5217203
2007,AI,4,4.2,0,5217203
2007,AI,4.4,4.1,1,5217302
2007,AI,4.1,4.4,0,5217401
2007,AF,3.2,3.1,1,5217609
2007,AI,3.5,3.4,1,5217609
2007,AF,4.1,0,0,5217708
2007,AI,4.8,4,1,5217708
2007,AF,3.5,3.5,1,5218003
2007,AI,3.5,3.5,1,5218003
2007,AI,3.8,4.3,0,5218052
2007,AI,4.1,0,0,5218102
2007,AF,4.7,4.1,1,5218300
2007,AI,3.8,3.5,1,5218300
2007,AF,4.4,4,1,5218508
2007,AI,4.3,4.2,1,5218508
2007,AI,4.2,5.2,0,5218607
2007,AI,4.7,4.1,1,5218706
2007,AI,4.3,3.7,1,5218789
2007,AF,4.1,4.1,1,5218805
2007,AI,4.8,4.7,1,5218805
2007,AF,5,4.6,1,5218904
2007,AI,5,4.9,1,5218904
2007,AI,5,5,1,5219001
2007,AI,4.6,4.5,1,5219100
2007,AI,4.4,2.8,1,5219209
2007,AI,3.9,3.9,1,5219258
2007,AI,3.9,3.8,1,5219308
2007,AI,3.2,3.7,0,5219407
2007,AI,0,0,0,5219456
2007,AI,4.1,5,0,5219506
2007,AF,0,0,0,5219605
2007,AI,4.2,3.9,1,5219605
2007,AF,4.1,0,0,5219704
2007,AI,4,4.1,0,5219704
2007,AI,3.8,3.5,1,5219712
2007,AI,4.3,3.7,1,5219738
2007,AF,3.6,0,0,5219753
2007,AI,3.4,3.3,1,5219753
2007,AF,2.7,0,0,5219803
2007,AI,3.1,2.9,1,5219803
2007,AI,4.7,3.9,1,5219902
2007,AI,3.4,3.9,0,5220009
2007,AI,4.8,0,0,5220058
2007,AF,0,0,0,5220108
2007,AI,4.3,4.4,0,5220108
2007,AI,6,3.9,1,5220157
2007,AI,4.2,4.2,1,5220207
2007,AF,4.2,0,0,5220264
2007,AI,4.1,3.9,1,5220264
2007,AI,4.6,4.4,1,5220280
2007,AF,5.5,4.4,1,5220405
2007,AI,5,4.5,1,5220405
2007,AF,3.1,3,1,5220454
2007,AI,3.5,3.5,1,5220454
2007,AF,0,4,0,5220504
2007,AI,4.3,4.1,1,5220504
2007,AF,0,0,0,5220603
2007,AI,4.3,4.1,1,5220603
2007,AI,3.6,3,1,5220686
2007,AF,0,0,0,5221007
2007,AI,4,4.7,0,5221007
2007,AI,0,0,0,5221080
2007,AI,3.9,3.7,1,5221197
2007,AI,0,0,0,5221304
2007,AF,3.8,3.7,1,5221403
2007,AI,4.1,4,1,5221403
2007,AI,4.9,3.9,1,5221452
2007,AI,0,0,0,5221502
2007,AF,4.2,0,0,5221551
2007,AI,3.7,3.2,1,5221551
2007,AF,4.5,0,0,5221577
2007,AI,5.2,3.9,1,5221577
2007,AF,3.9,0,0,5221601
2007,AI,4.3,4,1,5221601
2007,AF,0,0,0,5221700
2007,AI,0,0,0,5221700
2007,AI,3.8,5.1,0,5221809
2007,AF,3.6,3.8,0,5221858
2007,AI,3.6,3.6,1,5221858
2007,AI,3.9,0,0,5221908
2007,AF,4.9,0,0,5222005
2007,AI,4.2,5,0,5222005
2007,AF,3.8,3.5,1,5222054
2007,AI,4.4,3.4,1,5222054
2007,AF,3.7,0,0,5222203
2007,AI,3.5,4.2,0,5222203
2007,AI,4,3.6,1,5222302
2009,AF,4.1,2.7,1,5200050
2009,AI,4.9,4.3,1,5200050
2009,AI,4.6,4.4,1,5200100
2009,AF,0,2.9,0,5200134
2009,AI,4.9,4.2,1,5200134
2009,AI,0,0,0,5200159
2009,AI,3.9,4,0,5200175
2009,AI,4.8,3.5,1,5200209
2009,AI,3.7,3.3,1,5200258
2009,AF,3.9,4.1,0,5200308
2009,AI,4.5,4.3,1,5200308
2009,AF,0,0,0,5200555
2009,AI,4.4,3.9,1,5200555
2009,AI,3.6,3.7,0,5200605
2009,AF,4.1,3.2,1,5200803
2009,AI,3.6,0,0,5200803
2009,AI,4.1,4.3,0,5200829
2009,AI,5,4.3,1,5200852
2009,AF,4,3.8,1,5201108
2009,AI,4.8,4.5,1,5201108
2009,AI,0,4.4,0,5201207
2009,AF,4.4,3.9,1,5201306
2009,AI,4.9,4.9,1,5201306
2009,AF,3.6,3.4,1,5201405
2009,AI,4.4,4.4,1,5201405
2009,AF,3.4,3.6,0,5201454
2009,AI,4.7,3.1,1,5201454
2009,AI,5.2,4.8,1,5201504
2009,AI,4.9,4.4,1,5201603
2009,AF,4.4,3.8,1,5201702
2009,AI,4.5,3.8,1,5201702
2009,AI,4.4,3.6,1,5201801
2009,AI,5,3.1,1,5202155
2009,AI,0,4.4,0,5202353
2009,AI,4.6,4.1,1,5202502
2009,AI,4.5,4.5,1,5202601
2009,AF,0,3.8,0,5202809
2009,AI,4.5,4.5,1,5202809
2009,AF,3.4,4.1,0,5203104
2009,AI,0,3.5,0,5203104
2009,AF,4.4,4.6,0,5203203
2009,AI,4.7,4.2,1,5203203
2009,AI,4.6,3.5,1,5203302
2009,AI,4.9,4.2,1,5203401
2009,AF,3.9,3.8,1,5203500
2009,AI,4.6,4.1,1,5203500
2009,AI,4.3,3.5,1,5203559
2009,AF,0,4.1,0,5203575
2009,AI,4.1,3.7,1,5203575
2009,AI,5.4,4.6,1,5203609
2009,AI,3.8,3.9,0,5203807
2009,AI,0,0,0,5203906
2009,AI,5.7,5.1,1,5203939
2009,AI,4.2,4.3,0,5203962
2009,AI,0,3.4,0,5204003
2009,AI,4.9,4.3,1,5204102
2009,AF,4.1,3.8,1,5204250
2009,AI,4.5,4.2,1,5204250
2009,AF,4.2,3.6,1,5204300
2009,AI,5,3.8,1,5204300
2009,AI,4.9,4.6,1,5204409
2009,AF,3.7,3.2,1,5204508
2009,AI,4,4.3,0,5204508
2009,AI,4,4.2,0,5204557
2009,AF,3.2,2.9,1,5204607
2009,AI,5.1,3,1,5204607
2009,AF,4,3.5,1,5204656
2009,AI,4.1,4.6,0,5204656
2009,AI,4.6,4.8,0,5204706
2009,AI,5.1,4.8,1,5204805
2009,AF,4,4.1,0,5204854
2009,AI,4.3,4.4,0,5204854
2009,AF,3.2,3.7,0,5204904
2009,AI,4.3,4,1,5204904
2009,AF,0,4.1,0,5204953
2009,AI,4.7,4.2,1,5204953
2009,AF,0,2.9,0,5205000
2009,AI,4.5,4.8,0,5205000
2009,AI,3.9,4.2,0,5205059
2009,AF,4.1,3.9,1,5205109
2009,AI,4.6,4.8,0,5205109
2009,AI,5.1,4.2,1,5205208
2009,AI,3.8,3.5,1,5205307
2009,AI,5.6,4.6,1,5205406
2009,AI,4.6,5,0,5205455
2009,AF,4.1,3.8,1,5205471
2009,AI,5.3,4.5,1,5205471
2009,AF,3.4,3.5,0,5205497
2009,AI,4.1,4.2,0,5205497
2009,AF,3.5,3.1,1,5205513
2009,AI,4.1,3.8,1,5205513
2009,AF,3.8,0,0,5205521
2009,AI,3.8,4.1,0,5205521
2009,AI,5.1,4.3,1,5205703
2009,AI,4.8,4.8,1,5205802
2009,AI,5.4,4.4,1,5205901
2009,AF,3.9,3.6,1,5206206
2009,AI,4.1,3.9,1,5206206
2009,AF,4.2,3.7,1,5206305
2009,AI,4.6,3.7,1,5206305
2009,AI,5.3,4.1,1,5206404
2009,AI,0,3.7,0,5206701
2009,AI,5.1,3.9,1,5206800
2009,AI,0,4.5,0,5206909
2009,AI,4.3,4.4,0,5207253
2009,AF,3.8,3.4,1,5207352
2009,AI,5.4,4.9,1,5207352
2009,AF,4.2,3.7,1,5207402
2009,AI,5,4.9,1,5207402
2009,AF,3.6,4,0,5207501
2009,AI,4.1,4.5,0,5207501
2009,AI,4.7,4,1,5207535
2009,AI,5,4.5,1,5207600
2009,AI,5.1,4.9,1,5207808
2009,AI,3.2,3.4,0,5207907
2009,AF,4.2,4.2,1,5208004
2009,AI,4.7,4.5,1,5208004
2009,AI,4.2,4.1,1,5208103
2009,AF,4.8,4.1,1,5208152
2009,AI,4.7,4.3,1,5208152
2009,AI,0,3.3,0,5208301
2009,AI,4.1,4.1,1,5208400
2009,AI,6.9,5.5,1,5208509
2009,AI,5.5,4.7,1,5208608
2009,AF,3.8,3.1,1,5208707
2009,AI,5.1,4.3,1,5208707
2009,AF,3.6,2.8,1,5208806
2009,AI,4.6,4.2,1,5208806
2009,AF,0,4.2,0,5208905
2009,AI,5.1,0,0,5208905
2009,AF,4.4,3.9,1,5209101
2009,AI,5,4.4,1,5209101
2009,AF,0,0,0,5209150
2009,AI,0,4,0,5209150
2009,AI,4.9,3.9,1,5209200
2009,AI,3.7,4.2,0,5209291
2009,AF,0,0,0,5209408
2009,AI,4.1,3.5,1,5209408
2009,AI,0,0,0,5209457
2009,AF,0,3.6,0,5209705
2009,AI,4.2,4.4,0,5209705
2009,AI,4.9,4.2,1,5209804
2009,AI,3.2,3,1,5209903
2009,AF,3.9,4,0,5209937
2009,AI,4.1,4.6,0,5209937
2009,AF,4.2,3.7,1,5209952
2009,AI,5.1,4.5,1,5209952
2009,AF,3.5,4,0,5210000
2009,AI,4.9,4.5,1,5210000
2009,AF,4.8,4.6,1,5210109
2009,AI,5.3,5.7,0,5210109
2009,AI,5.1,0,0,5210158
2009,AF,3.5,3.1,1,5210208
2009,AI,5.1,4.3,1,5210208
2009,AI,4.5,4.5,1,5210307
2009,AF,4.5,3.9,1,5210406
2009,AI,5.1,4.6,1,5210406
2009,AI,5.8,4.4,1,5210562
2009,AI,5.5,5,1,5210604
2009,AI,4.3,4.1,1,5210802
2009,AF,4.6,4.6,1,5210901
2009,AI,6.6,5.2,1,5210901
2009,AI,4.1,3.6,1,5211008
2009,AF,4.7,4.3,1,5211206
2009,AI,4.9,4.6,1,5211206
2009,AI,4.5,4.6,0,5211305
2009,AI,5.4,0,0,5211404
2009,AF,4.5,3.9,1,5211503
2009,AI,5,4.5,1,5211503
2009,AF,4.6,4.4,1,5211701
2009,AI,4.9,4.7,1,5211701
2009,AI,5.1,4.8,1,5211800
2009,AF,4,4,1,5211909
2009,AI,5.2,4.4,1,5211909
2009,AI,4.9,5.4,0,5212006
2009,AI,5.3,0,0,5212055
2009,AF,3.8,3.9,0,5212105
2009,AI,4.7,4.1,1,5212105
2009,AF,4.3,5,0,5212204
2009,AI,4.9,3.9,1,5212204
2009,AI,4.9,3.7,1,5212253
2009,AF,3.1,0,0,5212303
2009,AI,0,3.3,0,5212303
2009,AF,0,0,0,5212501
2009,AI,4.1,4,1,5212501
2009,AI,4.5,3.6,1,5212600
2009,AI,3.8,2.9,1,5212709
2009,AI,4.5,3.8,1,5212808
2009,AI,4,4,1,5212956
2009,AI,4.1,3.8,1,5213004
2009,AI,4.2,4.1,1,5213053
2009,AF,3.3,3.4,0,5213087
2009,AI,4.6,4.3,1,5213087
2009,AF,2.5,3,0,5213103
2009,AI,4.9,4.7,1,5213103
2009,AI,4,4.1,0,5213400
2009,AI,3.8,3.1,1,5213509
2009,AF,4.3,3.9,1,5213707
2009,AI,4.3,4.5,0,5213707
2009,AF,4.4,3.9,1,5213756
2009,AI,4.9,3.7,1,5213756
2009,AI,4,3.8,1,5213772
2009,AF,3.1,4,0,5213806
2009,AI,4.7,4.5,1,5213806
2009,AI,4.7,0,0,5213855
2009,AI,5,0,0,5213905
2009,AF,4,4.2,0,5214002
2009,AI,4.3,3.7,1,5214002
2009,AI,4.5,3.5,1,5214051
2009,AI,5.4,4.1,1,5214101
2009,AI,4.8,4.9,0,5214408
2009,AF,4.1,4.1,1,5214507
2009,AI,5.1,4.6,1,5214507
2009,AF,3.5,3.7,0,5214606
2009,AI,4.2,3.8,1,5214606
2009,AI,5.1,4.7,1,5214705
2009,AF,3.6,3,1,5214838
2009,AI,3.6,3.4,1,5214838
2009,AI,0,5.1,0,5214861
2009,AI,5.1,4.5,1,5214879
2009,AI,4.2,3.3,1,5214903
2009,AI,4.9,4.9,1,5215009
2009,AI,0,5.2,0,5215207
2009,AI,4.6,4.2,1,5215231
2009,AI,3.7,3.9,0,5215256
2009,AF,5.1,4.7,1,5215306
2009,AI,5.3,4.6,1,5215306
2009,AF,4.6,4.9,0,5215405
2009,AI,5.2,5,1,5215405
2009,AI,6,5.6,1,5215504
2009,AF,3.4,3.1,1,5215603
2009,AI,3.8,3.7,1,5215603
2009,AI,5,5.8,0,5215652
2009,AF,4.9,3.6,1,5215702
2009,AI,5,5,1,5215702
2009,AI,0,0,0,5215801
2009,AI,5.3,4.5,1,5215900
2009,AI,4.9,5,0,5216007
2009,AI,5.4,4.4,1,5216304
2009,AF,0,0,0,5216403
2009,AI,5.2,3.9,1,5216403
2009,AI,4.3,4.4,0,5216452
2009,AI,5.2,4.6,1,5216809
2009,AI,0,0,0,5216908
2009,AF,4.2,3.8,1,5217104
2009,AI,4.6,4.4,1,5217104
2009,AF,3.6,3.7,0,5217203
2009,AI,5,4.5,1,5217203
2009,AI,4.3,4.5,0,5217302
2009,AI,4.4,4.8,0,5217401
2009,AF,3.4,3.3,1,5217609
2009,AI,3.7,3.8,0,5217609
2009,AF,4.7,4.2,1,5217708
2009,AI,4.7,4.4,1,5217708
2009,AF,3.4,3.7,0,5218003
2009,AI,3.9,3.9,1,5218003
2009,AI,3.6,4.6,0,5218052
2009,AI,0,4.3,0,5218102
2009,AF,4.4,4.2,1,5218300
2009,AI,4.6,3.8,1,5218300
2009,AF,4.7,4.1,1,5218508
2009,AI,5.1,4.5,1,5218508
2009,AI,5.5,5.5,1,5218607
2009,AI,4.9,4.4,1,5218706
2009,AI,4.6,4.1,1,5218789
2009,AF,4.6,4.3,1,5218805
2009,AI,5.7,5,1,5218805
2009,AF,5,4.8,1,5218904
2009,AI,5.6,5.2,1,5218904
2009,AI,5.6,5.3,1,5219001
2009,AI,5.1,4.8,1,5219100
2009,AI,0,3.1,0,5219209
2009,AI,4,4.2,0,5219258
2009,AI,4.8,4.1,1,5219308
2009,AI,4.2,4,1,5219407
2009,AI,0,0,0,5219456
2009,AI,5.4,5.3,1,5219506
2009,AF,3.8,0,0,5219605
2009,AI,4.5,4.2,1,5219605
2009,AF,0,4.2,0,5219704
2009,AI,5.2,4.4,1,5219704
2009,AI,4,3.9,1,5219712
2009,AI,4.7,4.1,1,5219738
2009,AF,3.6,3.7,0,5219753
2009,AI,3.9,3.6,1,5219753
2009,AF,0,2.8,0,5219803
2009,AI,3.2,3.2,1,5219803
2009,AI,4.8,4.3,1,5219902
2009,AI,0,4.2,0,5220009
2009,AI,0,5,0,5220058
2009,AF,4.3,0,0,5220108
2009,AI,5.1,4.7,1,5220108
2009,AI,5.2,4.2,1,5220157
2009,AI,5,4.5,1,5220207
2009,AF,0,4.3,0,5220264
2009,AI,4.1,4.3,0,5220264
2009,AI,5,4.8,1,5220280
2009,AF,4.3,4.5,0,5220405
2009,AI,5.3,4.9,1,5220405
2009,AF,3.6,3.2,1,5220454
2009,AI,4,3.8,1,5220454
2009,AF,0,4.1,0,5220504
2009,AI,4.9,4.4,1,5220504
2009,AF,0,0,0,5220603
2009,AI,4.9,4.4,1,5220603
2009,AI,3.6,3.3,1,5220686
2009,AF,0,0,0,5221007
2009,AI,4.8,5.1,0,5221007
2009,AI,3.6,0,0,5221080
2009,AI,4.5,4.1,1,5221197
2009,AI,5.7,0,0,5221304
2009,AF,3.6,3.8,0,5221403
2009,AI,4.4,4.4,1,5221403
2009,AI,5.2,4.2,1,5221452
2009,AI,5.1,0,0,5221502
2009,AF,4.2,4.3,0,5221551
2009,AI,3.9,3.5,1,5221551
2009,AF,4.4,4.6,0,5221577
2009,AI,4.4,4.2,1,5221577
2009,AF,4.1,4,1,5221601
2009,AI,4.6,4.4,1,5221601
2009,AF,0,0,0,5221700
2009,AI,5.2,0,0,5221700
2009,AI,5,5.4,0,5221809
2009,AF,3.8,4,0,5221858
2009,AI,4.3,3.9,1,5221858
2009,AI,4.1,4.1,1,5221908
2009,AF,0,4.9,0,5222005
2009,AI,4.8,5.3,0,5222005
2009,AF,3.7,3.6,1,5222054
2009,AI,4.9,3.7,1,5222054
2009,AF,4,3.8,1,5222203
2009,AI,3.6,4.5,0,5222203
2009,AI,4.9,4,1,5222302
2011,AF,3.9,3.2,1,5200050
2011,AI,5.7,4.7,1,5200050
2011,AI,4.8,4.9,0,5200100
2011,AF,0,3.1,0,5200134
2011,AI,5.4,4.6,1,5200134
2011,AI,0,0,0,5200159
2011,AI,4,4.5,0,5200175
2011,AI,5,3.8,1,5200209
2011,AI,4.4,3.7,1,5200258
2011,AF,3.8,4.3,0,5200308
2011,AI,4.8,4.7,1,5200308
2011,AF,3.8,0,0,5200555
2011,AI,5.4,4.3,1,5200555
2011,AI,4.1,4,1,5200605
2011,AF,3.8,3.5,1,5200803
2011,AI,4.7,3.9,1,5200803
2011,AI,4.5,4.7,0,5200829
2011,AI,5,4.6,1,5200852
2011,AF,4.2,4.1,1,5201108
2011,AI,5.2,4.9,1,5201108
2011,AI,5.2,4.8,1,5201207
2011,AF,4.4,4.1,1,5201306
2011,AI,6,5.3,1,5201306
2011,AF,3.4,3.7,0,5201405
2011,AI,4.9,4.8,1,5201405
2011,AF,3.6,3.8,0,5201454
2011,AI,5.1,3.6,1,5201454
2011,AI,5.9,5.2,1,5201504
2011,AI,5.4,4.8,1,5201603
2011,AF,4.5,4,1,5201702
2011,AI,4.6,4.2,1,5201702
2011,AI,4.5,4,1,5201801
2011,AI,5,3.5,1,5202155
2011,AI,4.3,4.8,0,5202353
2011,AI,5.5,4.5,1,5202502
2011,AI,4.9,4.9,1,5202601
2011,AF,0,4.1,0,5202809
2011,AI,5,4.8,1,5202809
2011,AF,0,4.3,0,5203104
2011,AI,0,3.9,0,5203104
2011,AF,4.5,4.8,0,5203203
2011,AI,5.4,4.6,1,5203203
2011,AI,5.4,3.9,1,5203302
2011,AI,5.4,4.6,1,5203401
2011,AF,4.1,4.1,1,5203500
2011,AI,5.4,4.5,1,5203500
2011,AI,4.9,3.9,1,5203559
2011,AF,0,4.3,0,5203575
2011,AI,4.1,4.1,1,5203575
2011,AI,5.9,5,1,5203609
2011,AI,0,4.3,0,5203807
2011,AI,0,0,0,5203906
2011,AI,6.1,5.5,1,5203939
2011,AI,4.6,4.6,1,5203962
2011,AI,4.3,3.7,1,5204003
2011,AI,5.4,4.7,1,5204102
2011,AF,4.1,4,1,5204250
2011,AI,5.1,4.6,1,5204250
2011,AF,4.4,3.9,1,5204300
2011,AI,5.6,4.2,1,5204300
2011,AI,5.2,5,1,5204409
2011,AF,3.7,3.5,1,5204508
2011,AI,4.9,4.7,1,5204508
2011,AI,3.6,4.6,0,5204557
2011,AF,4.2,3.2,1,5204607
2011,AI,5.6,3.4,1,5204607
2011,AF,4,3.8,1,5204656
2011,AI,5.2,5,1,5204656
2011,AI,4.6,5.2,0,5204706
2011,AI,5.7,5.2,1,5204805
2011,AF,4.5,4.4,1,5204854
2011,AI,4.8,4.8,1,5204854
2011,AF,3.4,3.9,0,5204904
2011,AI,4.8,4.4,1,5204904
2011,AF,0,4.3,0,5204953
2011,AI,4.7,4.6,1,5204953
2011,AF,0,3.1,0,5205000
2011,AI,5.2,5.2,1,5205000
2011,AI,4.3,4.6,0,5205059
2011,AF,4.2,4.2,1,5205109
2011,AI,5.3,5.2,1,5205109
2011,AI,5.1,4.5,1,5205208
2011,AI,4.1,3.9,1,5205307
2011,AI,6.1,4.9,1,5205406
2011,AI,5.6,5.4,1,5205455
2011,AF,5.3,4.1,1,5205471
2011,AI,6.1,5,1,5205471
2011,AF,3.2,3.8,0,5205497
2011,AI,4.4,4.6,0,5205497
2011,AF,3.8,3.4,1,5205513
2011,AI,4.8,4.3,1,5205513
2011,AF,3.7,4,0,5205521
2011,AI,4.6,4.6,1,5205521
2011,AI,5.2,4.8,1,5205703
2011,AI,5.7,5.2,1,5205802
2011,AI,6.6,4.9,1,5205901
2011,AF,4.3,3.9,1,5206206
2011,AI,4.4,4.3,1,5206206
2011,AF,2.6,3.9,0,5206305
2011,AI,4.4,4.1,1,5206305
2011,AI,5.3,4.5,1,5206404
2011,AI,0,4.1,0,5206701
2011,AI,4.9,4.3,1,5206800
2011,AI,3.8,4.9,0,5206909
2011,AI,5.2,4.8,1,5207253
2011,AF,3.7,3.7,1,5207352
2011,AI,4.8,5.3,0,5207352
2011,AF,3.8,4,0,5207402
2011,AI,5.2,5.3,0,5207402
2011,AF,4.7,4.3,1,5207501
2011,AI,4,4.8,0,5207501
2011,AI,0,4.3,0,5207535
2011,AI,6,4.9,1,5207600
2011,AI,5.6,5.2,1,5207808
2011,AI,4.2,3.9,1,5207907
2011,AF,3.9,4.5,0,5208004
2011,AI,4.9,5,0,5208004
2011,AI,5.3,4.5,1,5208103
2011,AF,4.6,4.3,1,5208152
2011,AI,5,4.7,1,5208152
2011,AI,3.8,3.7,1,5208301
2011,AI,5,4.5,1,5208400
2011,AI,7.2,5.8,1,5208509
2011,AI,5.8,5.1,1,5208608
2011,AF,3.7,3.3,1,5208707
2011,AI,5.3,4.7,1,5208707
2011,AF,3.4,3.1,1,5208806
2011,AI,5.1,4.6,1,5208806
2011,AF,0,4.4,0,5208905
2011,AI,0,5.4,0,5208905
2011,AF,4.7,4.2,1,5209101
2011,AI,5.6,4.8,1,5209101
2011,AF,0,0,0,5209150
2011,AI,4.9,4.4,1,5209150
2011,AI,5.1,4.4,1,5209200
2011,AI,5.3,4.6,1,5209291
2011,AF,0,0,0,5209408
2011,AI,4.5,3.9,1,5209408
2011,AI,0,0,0,5209457
2011,AF,2.8,3.9,0,5209705
2011,AI,4.8,4.8,1,5209705
2011,AI,5.4,4.5,1,5209804
2011,AI,4.7,3.4,1,5209903
2011,AF,4.2,4.2,1,5209937
2011,AI,4.9,5,0,5209937
2011,AF,4.7,3.9,1,5209952
2011,AI,4.9,5,0,5209952
2011,AF,4.6,4.2,1,5210000
2011,AI,5.6,4.9,1,5210000
2011,AF,5.4,4.9,1,5210109
2011,AI,5.4,6.1,0,5210109
2011,AI,5.2,5.4,0,5210158
2011,AF,4.1,3.3,1,5210208
2011,AI,0,4.7,0,5210208
2011,AI,4.6,4.8,0,5210307
2011,AF,4.8,4.1,1,5210406
2011,AI,5.9,5,1,5210406
2011,AI,6.2,4.8,1,5210562
2011,AI,5,5.4,0,5210604
2011,AI,5.4,4.6,1,5210802
2011,AF,4.3,4.8,0,5210901
2011,AI,5.6,5.6,1,5210901
2011,AI,4.9,4,1,5211008
2011,AF,4.5,4.5,1,5211206
2011,AI,5.4,5,1,5211206
2011,AI,5.5,5,1,5211305
2011,AI,6.7,5.7,1,5211404
2011,AF,5,4.2,1,5211503
2011,AI,5.6,4.9,1,5211503
2011,AF,4.3,4.6,0,5211701
2011,AI,4.8,5.1,0,5211701
2011,AI,5.5,5.2,1,5211800
2011,AF,4,4.3,0,5211909
2011,AI,5.2,4.8,1,5211909
2011,AI,5.3,5.8,0,5212006
2011,AI,6,5.5,1,5212055
2011,AF,0,4.1,0,5212105
2011,AI,5.5,4.5,1,5212105
2011,AF,4.5,5.2,0,5212204
2011,AI,5.4,4.3,1,5212204
2011,AI,5.5,4,1,5212253
2011,AF,0,3.2,0,5212303
2011,AI,5.8,3.6,1,5212303
2011,AF,0,0,0,5212501
2011,AI,5,4.4,1,5212501
2011,AI,5,4,1,5212600
2011,AI,4.7,3.3,1,5212709
2011,AI,5.4,4.2,1,5212808
2011,AI,3.5,4.4,0,5212956
2011,AI,4.7,4.2,1,5213004
2011,AI,4.3,4.5,0,5213053
2011,AF,4.2,3.7,1,5213087
2011,AI,5.3,4.7,1,5213087
2011,AF,2.2,3.3,0,5213103
2011,AI,5.5,5.1,1,5213103
2011,AI,0,4.4,0,5213400
2011,AI,4.8,3.5,1,5213509
2011,AF,4.6,4.2,1,5213707
2011,AI,0,4.9,0,5213707
2011,AF,4.5,4.1,1,5213756
2011,AI,5.8,4.1,1,5213756
2011,AI,5,4.2,1,5213772
2011,AF,3.6,4.3,0,5213806
2011,AI,5.2,4.9,1,5213806
2011,AI,4.4,5,0,5213855
2011,AI,6.2,5.2,1,5213905
2011,AF,4.1,4.4,0,5214002
2011,AI,4.9,4.2,1,5214002
2011,AI,4.8,3.9,1,5214051
2011,AI,5,4.6,1,5214101
2011,AI,5.1,5.3,0,5214408
2011,AF,4.6,4.4,1,5214507
2011,AI,5.2,5,1,5214507
2011,AF,3.5,3.9,0,5214606
2011,AI,4.9,4.2,1,5214606
2011,AI,6,5.1,1,5214705
2011,AF,3.5,3.2,1,5214838
2011,AI,4.5,3.8,1,5214838
2011,AI,4.9,5.5,0,5214861
2011,AI,5.9,4.9,1,5214879
2011,AI,5.4,3.7,1,5214903
2011,AI,5.6,5.3,1,5215009
2011,AI,4.4,5.6,0,5215207
2011,AI,4.8,4.6,1,5215231
2011,AI,4.3,4.3,1,5215256
2011,AF,5.6,4.9,1,5215306
2011,AI,5.6,4.9,1,5215306
2011,AF,5,5.1,0,5215405
2011,AI,5.8,5.4,1,5215405
2011,AI,5.9,5.9,1,5215504
2011,AF,3.6,3.4,1,5215603
2011,AI,4.2,4.2,1,5215603
2011,AI,4.8,6,0,5215652
2011,AF,5.2,3.9,1,5215702
2011,AI,5.5,5.4,1,5215702
2011,AI,5.6,0,0,5215801
2011,AI,6.2,4.9,1,5215900
2011,AI,5.1,5.4,0,5216007
2011,AI,5.2,4.8,1,5216304
2011,AF,5.2,0,0,5216403
2011,AI,5.3,4.3,1,5216403
2011,AI,4.5,4.9,0,5216452
2011,AI,5.8,5,1,5216809
2011,AI,0,0,0,5216908
2011,AF,4.4,4.1,1,5217104
2011,AI,0,4.8,0,5217104
2011,AF,4.2,3.9,1,5217203
2011,AI,5.3,5,1,5217203
2011,AI,5,4.9,1,5217302
2011,AI,5.3,5.2,1,5217401
2011,AF,3.4,3.6,0,5217609
2011,AI,4.2,4.2,1,5217609
2011,AF,4.6,4.4,1,5217708
2011,AI,4.9,4.8,1,5217708
2011,AF,3.4,3.9,0,5218003
2011,AI,4.8,4.3,1,5218003
2011,AI,4.7,5,0,5218052
2011,AI,4.7,4.6,1,5218102
2011,AF,4.5,4.5,1,5218300
2011,AI,5.8,4.2,1,5218300
2011,AF,5.1,4.4,1,5218508
2011,AI,6.2,4.9,1,5218508
2011,AI,5.9,5.9,1,5218607
2011,AI,5.2,4.8,1,5218706
2011,AI,5,4.5,1,5218789
2011,AF,4.6,4.6,1,5218805
2011,AI,6,5.4,1,5218805
2011,AF,5.1,5,1,5218904
2011,AI,6.6,5.6,1,5218904
2011,AI,6.7,5.7,1,5219001
2011,AI,5.3,5.2,1,5219100
2011,AI,5.3,3.5,1,5219209
2011,AI,5,4.6,1,5219258
2011,AI,5.1,4.5,1,5219308
2011,AI,5.5,4.5,1,5219407
2011,AI,0,0,0,5219456
2011,AI,5.4,5.7,0,5219506
2011,AF,4.1,4,1,5219605
2011,AI,4.5,4.6,0,5219605
2011,AF,4.9,4.4,1,5219704
2011,AI,5.9,4.8,1,5219704
2011,AI,5.1,4.3,1,5219712
2011,AI,5.4,4.5,1,5219738
2011,AF,3.9,3.9,1,5219753
2011,AI,3.9,4,0,5219753
2011,AF,0,3,0,5219803
2011,AI,0,3.6,0,5219803
2011,AI,4.9,4.7,1,5219902
2011,AI,3.7,4.6,0,5220009
2011,AI,4.7,5.3,0,5220058
2011,AF,4,4.4,0,5220108
2011,AI,6,5.1,1,5220108
2011,AI,7,4.7,1,5220157
2011,AI,5.5,4.9,1,5220207
2011,AF,0,4.5,0,5220264
2011,AI,4.6,4.7,0,5220264
2011,AI,5.6,5.2,1,5220280
2011,AF,4.9,4.8,1,5220405
2011,AI,5.6,5.3,1,5220405
2011,AF,3.6,3.5,1,5220454
2011,AI,4.6,4.3,1,5220454
2011,AF,0,4.4,0,5220504
2011,AI,6,4.8,1,5220504
2011,AF,4.1,0,0,5220603
2011,AI,5.6,4.8,1,5220603
2011,AI,4.8,3.7,1,5220686
2011,AF,0,0,0,5221007
2011,AI,5.1,5.5,0,5221007
2011,AI,3,3.8,0,5221080
2011,AI,4.8,4.5,1,5221197
2011,AI,6.7,5.9,1,5221304
2011,AF,0,4.1,0,5221403
2011,AI,4.8,4.8,1,5221403
2011,AI,4.8,4.6,1,5221452
2011,AI,4.8,5.3,0,5221502
2011,AF,4.5,4.5,1,5221551
2011,AI,4.2,3.9,1,5221551
2011,AF,0,4.8,0,5221577
2011,AI,4.8,4.7,1,5221577
2011,AF,4.1,4.2,0,5221601
2011,AI,5,4.8,1,5221601
2011,AF,0,0,0,5221700
2011,AI,5.4,5.4,1,5221700
2011,AI,5.7,5.8,0,5221809
2011,AF,3.9,4.2,0,5221858
2011,AI,4.6,4.4,1,5221858
2011,AI,5.2,4.4,1,5221908
2011,AF,0,5.1,0,5222005
2011,AI,5.5,5.7,0,5222005
2011,AF,4.8,3.9,1,5222054
2011,AI,5.2,4.2,1,5222054
2011,AF,4.6,4,1,5222203
2011,AI,4,5,0,5222203
2011,AI,5,4.4,1,5222302
2013,AF,4.5,3.8,1,5200050
2013,AI,6,5,1,5200050
2013,AI,4.9,5.1,0,5200100
2013,AF,0,3.4,0,5200134
2013,AI,6.3,4.9,1,5200134
2013,AI,0,0,0,5200159
2013,AI,5.4,4.7,1,5200175
2013,AI,6,4.1,1,5200209
2013,AI,4.4,4,1,5200258
2013,AF,4.1,4.7,0,5200308
2013,AI,5.2,5,1,5200308
2013,AF,3.7,4,0,5200555
2013,AI,6,4.6,1,5200555
2013,AI,4.1,4.3,0,5200605
2013,AF,4.6,3.9,1,5200803
2013,AI,4.8,4.2,1,5200803
2013,AI,4.7,5,0,5200829
2013,AI,6.1,4.9,1,5200852
2013,AF,4.3,4.5,0,5201108
2013,AI,5.6,5.2,1,5201108
2013,AI,0,5,0,5201207
2013,AF,4,4.4,0,5201306
2013,AI,6.1,5.6,1,5201306
2013,AF,3.6,4.1,0,5201405
2013,AI,5.2,5.1,1,5201405
2013,AF,4.1,4.2,0,5201454
2013,AI,5.3,3.9,1,5201454
2013,AI,5.9,5.5,1,5201504
2013,AI,6.4,5,1,5201603
2013,AF,4.5,4.3,1,5201702
2013,AI,5.2,4.5,1,5201702
2013,AI,4.8,4.3,1,5201801
2013,AI,4.6,3.7,1,5202155
2013,AI,5.8,5,1,5202353
2013,AI,6.2,4.8,1,5202502
2013,AI,5.9,5.2,1,5202601
2013,AF,0,4.4,0,5202809
2013,AI,5.7,5.1,1,5202809
2013,AF,0,4.7,0,5203104
2013,AI,0,4.1,0,5203104
2013,AF,5.2,5.1,1,5203203
2013,AI,5.8,4.9,1,5203203
2013,AI,6.1,4.2,1,5203302
2013,AI,5.5,4.9,1,5203401
2013,AF,4,4.5,0,5203500
2013,AI,5.7,4.8,1,5203500
2013,AI,5.2,4.2,1,5203559
2013,AF,0,4.7,0,5203575
2013,AI,4.6,4.4,1,5203575
2013,AI,5.1,5.3,0,5203609
2013,AI,6.3,4.6,1,5203807
2013,AI,6.5,0,0,5203906
2013,AI,6.4,5.7,1,5203939
2013,AI,5.4,4.9,1,5203962
2013,AI,4.2,4,1,5204003
2013,AI,6.1,5,1,5204102
2013,AF,4.5,4.4,1,5204250
2013,AI,6,4.9,1,5204250
2013,AF,4.7,4.3,1,5204300
2013,AI,5.7,4.5,1,5204300
2013,AI,5.6,5.2,1,5204409
2013,AF,4.2,3.9,1,5204508
2013,AI,5.5,5,1,5204508
2013,AI,5.7,4.9,1,5204557
2013,AF,5.1,3.6,1,5204607
2013,AI,6.1,3.7,1,5204607
2013,AF,4.9,4.2,1,5204656
2013,AI,5.3,5.2,1,5204656
2013,AI,5.3,5.4,0,5204706
2013,AI,5.9,5.5,1,5204805
2013,AF,0,4.8,0,5204854
2013,AI,4.7,5.1,0,5204854
2013,AF,4.1,4.2,0,5204904
2013,AI,5.4,4.7,1,5204904
2013,AF,0,4.7,0,5204953
2013,AI,5.3,4.9,1,5204953
2013,AF,0,3.5,0,5205000
2013,AI,5.6,5.4,1,5205000
2013,AI,4.7,4.9,0,5205059
2013,AF,5.8,4.6,1,5205109
2013,AI,6.8,5.5,1,5205109
2013,AI,5.2,4.8,1,5205208
2013,AI,4.4,4.2,1,5205307
2013,AI,6.4,5.2,1,5205406
2013,AI,5.3,5.6,0,5205455
2013,AF,5.5,4.5,1,5205471
2013,AI,7.1,5.2,1,5205471
2013,AF,3.7,4.2,0,5205497
2013,AI,4.6,4.9,0,5205497
2013,AF,3.5,3.8,0,5205513
2013,AI,5.2,4.5,1,5205513
2013,AF,4.1,4.3,0,5205521
2013,AI,6.4,4.8,1,5205521
2013,AI,6.7,5,1,5205703
2013,AI,6,5.5,1,5205802
2013,AI,6.9,5.1,1,5205901
2013,AF,4.4,4.3,1,5206206
2013,AI,4.7,4.6,1,5206206
2013,AF,4.3,4.2,1,5206305
2013,AI,5,4.4,1,5206305
2013,AI,5.2,4.8,1,5206404
2013,AI,4.3,4.4,0,5206701
2013,AI,5.9,4.5,1,5206800
2013,AI,6,5.1,1,5206909
2013,AI,5.6,5.1,1,5207253
2013,AF,3.9,4.1,0,5207352
2013,AI,5.5,5.6,0,5207352
2013,AF,4.5,4.4,1,5207402
2013,AI,6.1,5.5,1,5207402
2013,AF,4.8,4.7,1,5207501
2013,AI,5.6,5.1,1,5207501
2013,AI,0,4.6,0,5207535
2013,AI,0,5.2,0,5207600
2013,AI,6.3,5.5,1,5207808
2013,AI,4.1,4.1,1,5207907
2013,AF,4.2,4.8,0,5208004
2013,AI,4.9,5.2,0,5208004
2013,AI,5.5,4.8,1,5208103
2013,AF,5,4.6,1,5208152
2013,AI,5.4,5,1,5208152
2013,AI,4.9,4,1,5208301
2013,AI,5.3,4.8,1,5208400
2013,AI,6.9,6.1,1,5208509
2013,AI,6.6,5.4,1,5208608
2013,AF,4.5,3.7,1,5208707
2013,AI,5.4,5,1,5208707
2013,AF,3.4,3.5,0,5208806
2013,AI,5.3,4.9,1,5208806
2013,AF,0,4.7,0,5208905
2013,AI,4.7,5.6,0,5208905
2013,AF,4.7,4.6,1,5209101
2013,AI,5.9,5.1,1,5209101
2013,AF,0,0,0,5209150
2013,AI,5.6,4.7,1,5209150
2013,AI,5.4,4.6,1,5209200
2013,AI,6.1,4.9,1,5209291
2013,AF,3.7,0,0,5209408
2013,AI,4.8,4.2,1,5209408
2013,AI,6.3,0,0,5209457
2013,AF,3.3,4.2,0,5209705
2013,AI,4.9,5.1,0,5209705
2013,AI,5.2,4.8,1,5209804
2013,AI,4.6,3.7,1,5209903
2013,AF,4.9,4.6,1,5209937
2013,AI,5.8,5.3,1,5209937
2013,AF,4.8,4.2,1,5209952
2013,AI,5.2,5.2,1,5209952
2013,AF,4.7,4.5,1,5210000
2013,AI,6.1,5.2,1,5210000
2013,AF,5.4,5.3,1,5210109
2013,AI,6.3,6.3,1,5210109
2013,AI,6,5.6,1,5210158
2013,AF,4.3,3.6,1,5210208
2013,AI,5.9,4.9,1,5210208
2013,AI,5.1,5.1,1,5210307
2013,AF,4.7,4.5,1,5210406
2013,AI,5.9,5.3,1,5210406
2013,AI,7,5.1,1,5210562
2013,AI,6.2,5.7,1,5210604
2013,AI,5.4,4.8,1,5210802
2013,AF,4.1,5.1,0,5210901
2013,AI,5.8,5.8,1,5210901
2013,AI,4.9,4.3,1,5211008
2013,AF,4.8,4.8,1,5211206
2013,AI,5.8,5.3,1,5211206
2013,AI,6.1,5.3,1,5211305
2013,AI,6.4,5.9,1,5211404
2013,AF,5.6,4.6,1,5211503
2013,AI,6.5,5.2,1,5211503
2013,AF,4.7,4.9,0,5211701
2013,AI,6.1,5.4,1,5211701
2013,AI,6,5.4,1,5211800
2013,AF,4.4,4.7,0,5211909
2013,AI,5.9,5.1,1,5211909
2013,AI,5.6,6.1,0,5212006
2013,AI,6,5.8,1,5212055
2013,AF,4.1,4.5,0,5212105
2013,AI,5.9,4.8,1,5212105
2013,AF,0,5.5,0,5212204
2013,AI,5.8,4.6,1,5212204
2013,AI,6.7,4.3,1,5212253
2013,AF,0,3.5,0,5212303
2013,AI,4.9,3.9,1,5212303
2013,AF,3.3,0,0,5212501
2013,AI,5.5,4.7,1,5212501
2013,AI,5.2,4.3,1,5212600
2013,AI,4.3,3.6,1,5212709
2013,AI,6,4.5,1,5212808
2013,AI,5.1,4.6,1,5212956
2013,AI,5.3,4.5,1,5213004
2013,AI,4.5,4.8,0,5213053
2013,AF,4.8,4.1,1,5213087
2013,AI,5.6,5,1,5213087
2013,AF,0,3.7,0,5213103
2013,AI,6,5.4,1,5213103
2013,AI,0,4.7,0,5213400
2013,AI,4.7,3.7,1,5213509
2013,AF,4.7,4.6,1,5213707
2013,AI,5.5,5.2,1,5213707
2013,AF,4.2,4.5,0,5213756
2013,AI,5.6,4.4,1,5213756
2013,AI,4.4,4.4,1,5213772
2013,AF,4.5,4.6,0,5213806
2013,AI,5.4,5.2,1,5213806
2013,AI,6.6,5.3,1,5213855
2013,AI,6.6,5.5,1,5213905
2013,AF,3.4,4.7,0,5214002
2013,AI,5.2,4.4,1,5214002
2013,AI,5.7,4.2,1,5214051
2013,AI,5.8,4.8,1,5214101
2013,AI,5.5,5.5,1,5214408
2013,AF,4.7,4.8,0,5214507
2013,AI,5.6,5.3,1,5214507
2013,AF,3.5,4.4,0,5214606
2013,AI,4.9,4.5,1,5214606
2013,AI,6.8,5.4,1,5214705
2013,AF,4.2,3.5,1,5214838
2013,AI,4.5,4.1,1,5214838
2013,AI,5,5.7,0,5214861
2013,AI,6.1,5.2,1,5214879
2013,AI,4.6,4,1,5214903
2013,AI,5,5.6,0,5215009
2013,AI,4.6,5.8,0,5215207
2013,AI,5,4.9,1,5215231
2013,AI,3.9,4.6,0,5215256
2013,AF,5.6,5.2,1,5215306
2013,AI,5.8,5.2,1,5215306
2013,AF,5,5.4,0,5215405
2013,AI,5.5,5.7,0,5215405
2013,AI,6.9,6.1,1,5215504
2013,AF,3.9,3.8,1,5215603
2013,AI,4.9,4.4,1,5215603
2013,AI,5.2,6.3,0,5215652
2013,AF,5.2,4.3,1,5215702
2013,AI,5.7,5.7,1,5215702
2013,AI,5.5,5.8,0,5215801
2013,AI,5.8,5.2,1,5215900
2013,AI,6,5.6,1,5216007
2013,AI,6.1,5.1,1,5216304
2013,AF,0,5.4,0,5216403
2013,AI,5.6,4.6,1,5216403
2013,AI,5.5,5.1,1,5216452
2013,AI,6.1,5.3,1,5216809
2013,AI,0,0,0,5216908
2013,AF,4.8,4.5,1,5217104
2013,AI,0,5,0,5217104
2013,AF,4.5,4.4,1,5217203
2013,AI,6.1,5.2,1,5217203
2013,AI,4.7,5.2,0,5217302
2013,AI,5.6,5.4,1,5217401
2013,AF,3.5,4,0,5217609
2013,AI,4.4,4.5,0,5217609
2013,AF,4.6,4.7,0,5217708
2013,AI,5.7,5.1,1,5217708
2013,AF,3.5,4.3,0,5218003
2013,AI,4.7,4.6,1,5218003
2013,AI,5.6,5.3,1,5218052
2013,AI,5.8,4.9,1,5218102
2013,AF,4.8,4.9,0,5218300
2013,AI,5.9,4.5,1,5218300
2013,AF,4.4,4.8,0,5218508
2013,AI,6.4,5.2,1,5218508
2013,AI,6,6.2,0,5218607
2013,AI,6.3,5.1,1,5218706
2013,AI,5.2,4.8,1,5218789
2013,AF,4.8,4.9,0,5218805
2013,AI,6.8,5.7,1,5218805
2013,AF,5.7,5.4,1,5218904
2013,AI,7.3,5.8,1,5218904
2013,AI,6.3,5.9,1,5219001
2013,AI,6.3,5.5,1,5219100
2013,AI,5.7,3.8,1,5219209
2013,AI,5.9,4.9,1,5219258
2013,AI,5.6,4.8,1,5219308
2013,AI,5.6,4.7,1,5219407
2013,AI,5.3,0,0,5219456
2013,AI,5.8,5.9,0,5219506
2013,AF,4.4,4.2,1,5219605
2013,AI,5.2,4.9,1,5219605
2013,AF,6.1,4.7,1,5219704
2013,AI,5.5,5.1,1,5219704
2013,AI,5.7,4.6,1,5219712
2013,AI,0,4.7,0,5219738
2013,AF,3.6,4.2,0,5219753
2013,AI,4.3,4.3,1,5219753
2013,AF,3.3,3.4,0,5219803
2013,AI,5.2,3.9,1,5219803
2013,AI,6.3,4.9,1,5219902
2013,AI,4.4,4.9,0,5220009
2013,AI,0,5.6,0,5220058
2013,AF,4.2,4.7,0,5220108
2013,AI,6.3,5.4,1,5220108
2013,AI,5.8,4.9,1,5220157
2013,AI,6.4,5.2,1,5220207
2013,AF,0,4.8,0,5220264
2013,AI,5.3,5,1,5220264
2013,AI,6.1,5.4,1,5220280
2013,AF,4.9,5.2,0,5220405
2013,AI,5.9,5.5,1,5220405
2013,AF,3.9,3.9,1,5220454
2013,AI,5,4.5,1,5220454
2013,AF,0,4.8,0,5220504
2013,AI,5.7,5.1,1,5220504
2013,AF,4.7,4.3,1,5220603
2013,AI,5.9,5.1,1,5220603
2013,AI,5.1,4,1,5220686
2013,AF,4.1,0,0,5221007
2013,AI,5.5,5.7,0,5221007
2013,AI,4.9,4.1,1,5221080
2013,AI,5.3,4.8,1,5221197
2013,AI,7.3,6.2,1,5221304
2013,AF,4.2,4.5,0,5221403
2013,AI,5.2,5,1,5221403
2013,AI,4.9,4.9,1,5221452
2013,AI,6,5.6,1,5221502
2013,AF,4.8,4.8,1,5221551
2013,AI,4.8,4.2,1,5221551
2013,AF,4.8,5.1,0,5221577
2013,AI,4.9,4.9,1,5221577
2013,AF,4.1,4.5,0,5221601
2013,AI,5.5,5.1,1,5221601
2013,AF,5.5,0,0,5221700
2013,AI,5.8,5.7,1,5221700
2013,AI,5.1,6,0,5221809
2013,AF,3.9,4.6,0,5221858
2013,AI,5,4.6,1,5221858
2013,AI,5.3,4.7,1,5221908
2013,AF,0,5.5,0,5222005
2013,AI,5.8,6,0,5222005
2013,AF,4.5,4.3,1,5222054
2013,AI,5.5,4.4,1,5222054
2013,AF,4.1,4.3,0,5222203
2013,AI,4.3,5.2,0,5222203
2013,AI,5.6,4.7,1,5222302
2015,AF,4.6,4.3,1,5200050
2015,AI,5.5,5.3,1,5200050
2015,AI,5.1,5.4,0,5200100
2015,AF,4.2,3.8,1,5200134
2015,AI,6,5.2,1,5200134
2015,AI,5.4,0,0,5200159
2015,AI,5.2,5,1,5200175
2015,AI,6.2,4.4,1,5200209
2015,AI,4.7,4.3,1,5200258
2015,AF,4,5.1,0,5200308
2015,AI,5,5.3,0,5200308
2015,AF,5.1,4.3,1,5200555
2015,AI,6.1,4.9,1,5200555
2015,AI,4.7,4.6,1,5200605
2015,AF,4.9,4.2,1,5200803
2015,AI,5.1,4.5,1,5200803
2015,AI,5.1,5.2,0,5200829
2015,AI,5.9,5.2,1,5200852
2015,AF,4.9,4.8,1,5201108
2015,AI,5.7,5.4,1,5201108
2015,AI,0,5.3,0,5201207
2015,AF,0,4.8,0,5201306
2015,AI,6.7,5.8,1,5201306
2015,AF,3.7,4.5,0,5201405
2015,AI,5.3,5.4,0,5201405
2015,AF,5,4.6,1,5201454
2015,AI,5.6,4.2,1,5201454
2015,AI,5.6,5.7,0,5201504
2015,AI,6.1,5.3,1,5201603
2015,AF,4.6,4.6,1,5201702
2015,AI,5.6,4.7,1,5201702
2015,AI,5.3,4.5,1,5201801
2015,AI,5.2,4,1,5202155
2015,AI,5.4,5.3,1,5202353
2015,AI,6.7,5.1,1,5202502
2015,AI,6.5,5.4,1,5202601
2015,AF,0,4.7,0,5202809
2015,AI,5.3,5.3,1,5202809
2015,AF,0,5,0,5203104
2015,AI,0,4.4,0,5203104
2015,AF,5.1,5.5,0,5203203
2015,AI,5.9,5.2,1,5203203
2015,AI,5.4,4.4,1,5203302
2015,AI,5.7,5.2,1,5203401
2015,AF,4.8,4.9,0,5203500
2015,AI,5.9,5,1,5203500
2015,AI,5.6,4.5,1,5203559
2015,AF,0,5,0,5203575
2015,AI,5.1,4.7,1,5203575
2015,AI,5.2,5.5,0,5203609
2015,AI,5.9,4.9,1,5203807
2015,AI,6.3,6.7,0,5203906
2015,AI,6.3,6,1,5203939
2015,AI,5.4,5.2,1,5203962
2015,AI,4.8,4.3,1,5204003
2015,AI,5.6,5.3,1,5204102
2015,AF,4.5,4.8,0,5204250
2015,AI,5.7,5.1,1,5204250
2015,AF,5,4.7,1,5204300
2015,AI,5.6,4.8,1,5204300
2015,AI,5.8,5.5,1,5204409
2015,AF,4.8,4.3,1,5204508
2015,AI,5.5,5.3,1,5204508
2015,AI,4.9,5.2,0,5204557
2015,AF,0,3.9,0,5204607
2015,AI,5.6,4,1,5204607
2015,AF,5.5,4.6,1,5204656
2015,AI,5.1,5.5,0,5204656
2015,AI,5.3,5.7,0,5204706
2015,AI,6.3,5.7,1,5204805
2015,AF,0,5.1,0,5204854
2015,AI,4.7,5.4,0,5204854
2015,AF,4.1,4.6,0,5204904
2015,AI,5.3,5,1,5204904
2015,AF,0,5,0,5204953
2015,AI,5.5,5.1,1,5204953
2015,AF,0,3.8,0,5205000
2015,AI,5.5,5.7,0,5205000
2015,AI,5.3,5.1,1,5205059
2015,AF,5.6,5,1,5205109
2015,AI,6.8,5.8,1,5205109
2015,AI,5.3,5.1,1,5205208
2015,AI,4.3,4.5,0,5205307
2015,AI,6.6,5.5,1,5205406
2015,AI,5.4,5.9,0,5205455
2015,AF,5.7,4.8,1,5205471
2015,AI,6.6,5.5,1,5205471
2015,AF,3.8,4.5,0,5205497
2015,AI,5,5.2,0,5205497
2015,AF,3.5,4.2,0,5205513
2015,AI,5.3,4.8,1,5205513
2015,AF,0,4.6,0,5205521
2015,AI,4.9,5.1,0,5205521
2015,AI,6.1,5.3,1,5205703
2015,AI,5.8,5.7,1,5205802
2015,AI,7.2,5.4,1,5205901
2015,AF,4.3,4.6,0,5206206
2015,AI,4.7,4.9,0,5206206
2015,AF,4.5,4.6,0,5206305
2015,AI,5.2,4.7,1,5206305
2015,AI,5.6,5.1,1,5206404
2015,AI,5,4.6,1,5206701
2015,AI,5.8,4.8,1,5206800
2015,AI,0,5.4,0,5206909
2015,AI,5.3,5.4,0,5207253
2015,AF,4.5,4.5,1,5207352
2015,AI,5.8,5.8,1,5207352
2015,AF,0,4.8,0,5207402
2015,AI,6.1,5.8,1,5207402
2015,AF,0,5.1,0,5207501
2015,AI,5.3,5.3,1,5207501
2015,AI,5,4.9,1,5207535
2015,AI,0,5.5,0,5207600
2015,AI,6.3,5.7,1,5207808
2015,AI,4.5,4.4,1,5207907
2015,AF,4.3,5.2,0,5208004
2015,AI,5.2,5.5,0,5208004
2015,AI,6,5.1,1,5208103
2015,AF,5.3,4.9,1,5208152
2015,AI,5.2,5.2,1,5208152
2015,AI,5.2,4.2,1,5208301
2015,AI,5.7,5,1,5208400
2015,AI,5.9,6.3,0,5208509
2015,AI,6.9,5.7,1,5208608
2015,AF,4.6,4.1,1,5208707
2015,AI,5.6,5.3,1,5208707
2015,AF,3.8,3.9,0,5208806
2015,AI,5.2,5.2,1,5208806
2015,AF,0,5.1,0,5208905
2015,AI,5.5,5.9,0,5208905
2015,AF,0,5,0,5209101
2015,AI,5.9,5.4,1,5209101
2015,AF,0,0,0,5209150
2015,AI,5.9,5,1,5209150
2015,AI,5.6,4.9,1,5209200
2015,AI,5.4,5.2,1,5209291
2015,AF,4.4,4,1,5209408
2015,AI,4.6,4.5,1,5209408
2015,AI,5.5,6.6,0,5209457
2015,AF,4.2,4.5,0,5209705
2015,AI,4.8,5.3,0,5209705
2015,AI,5.7,5.1,1,5209804
2015,AI,4.9,4,1,5209903
2015,AF,5.3,5,1,5209937
2015,AI,5.8,5.6,1,5209937
2015,AF,4.8,4.6,1,5209952
2015,AI,5.2,5.5,0,5209952
2015,AF,4.7,4.8,0,5210000
2015,AI,6.3,5.5,1,5210000
2015,AF,5.5,5.6,0,5210109
2015,AI,6.3,6.5,0,5210109
2015,AI,6.4,5.9,1,5210158
2015,AF,0,4,0,5210208
2015,AI,6.5,5.2,1,5210208
2015,AI,0,5.4,0,5210307
2015,AF,4.9,4.9,1,5210406
2015,AI,6.4,5.6,1,5210406
2015,AI,7,5.3,1,5210562
2015,AI,6.5,5.9,1,5210604
2015,AI,6.3,5.1,1,5210802
2015,AF,3.8,5.4,0,5210901
2015,AI,5,6.1,0,5210901
2015,AI,5,4.6,1,5211008
2015,AF,5,5.1,0,5211206
2015,AI,5.5,5.6,0,5211206
2015,AI,6.5,5.6,1,5211305
2015,AI,6.5,6.2,1,5211404
2015,AF,0,5,0,5211503
2015,AI,6.4,5.5,1,5211503
2015,AF,5.3,5.2,1,5211701
2015,AI,6.2,5.6,1,5211701
2015,AI,6.3,5.7,1,5211800
2015,AF,4.7,5,0,5211909
2015,AI,5.8,5.4,1,5211909
2015,AI,6.1,6.3,0,5212006
2015,AI,6.8,6,1,5212055
2015,AF,5.2,4.8,1,5212105
2015,AI,6.2,5.1,1,5212105
2015,AF,5.2,5.8,0,5212204
2015,AI,6.2,4.9,1,5212204
2015,AI,0,4.6,0,5212253
2015,AF,0,3.8,0,5212303
2015,AI,5.2,4.2,1,5212303
2015,AF,0,3.6,0,5212501
2015,AI,5.5,5,1,5212501
2015,AI,5.8,4.6,1,5212600
2015,AI,4.6,3.9,1,5212709
2015,AI,5.9,4.8,1,5212808
2015,AI,4.9,4.9,1,5212956
2015,AI,5.5,4.8,1,5213004
2015,AI,4.7,5,0,5213053
2015,AF,5.3,4.5,1,5213087
2015,AI,5.9,5.3,1,5213087
2015,AF,0,4.1,0,5213103
2015,AI,6.2,5.7,1,5213103
2015,AI,0,5,0,5213400
2015,AI,4.4,4,1,5213509
2015,AF,0,4.9,0,5213707
2015,AI,6.1,5.5,1,5213707
2015,AF,4.4,4.9,0,5213756
2015,AI,5.8,4.7,1,5213756
2015,AI,5,4.7,1,5213772
2015,AF,3.9,4.9,0,5213806
2015,AI,5.5,5.4,1,5213806
2015,AI,5.8,5.6,1,5213855
2015,AI,0,5.8,0,5213905
2015,AF,4.2,5.1,0,5214002
2015,AI,5.2,4.7,1,5214002
2015,AI,5.5,4.5,1,5214051
2015,AI,5.3,5.1,1,5214101
2015,AI,5.8,5.8,1,5214408
2015,AF,4.9,5.2,0,5214507
2015,AI,5.5,5.5,1,5214507
2015,AF,4.5,4.7,0,5214606
2015,AI,5.1,4.8,1,5214606
2015,AI,5.9,5.6,1,5214705
2015,AF,4.5,3.9,1,5214838
2015,AI,4.7,4.4,1,5214838
2015,AI,0,6,0,5214861
2015,AI,6.6,5.4,1,5214879
2015,AI,4.6,4.3,1,5214903
2015,AI,5.3,5.8,0,5215009
2015,AI,5.6,6.1,0,5215207
2015,AI,4.6,5.2,0,5215231
2015,AI,4.7,4.9,0,5215256
2015,AF,5.3,5.6,0,5215306
2015,AI,6,5.5,1,5215306
2015,AF,4.9,5.7,0,5215405
2015,AI,5.5,5.9,0,5215405
2015,AI,6.8,6.4,1,5215504
2015,AF,4.3,4.2,1,5215603
2015,AI,4.5,4.7,0,5215603
2015,AI,5.5,6.5,0,5215652
2015,AF,5,4.7,1,5215702
2015,AI,5.6,5.9,0,5215702
2015,AI,0,6,0,5215801
2015,AI,6.2,5.5,1,5215900
2015,AI,5.9,5.9,1,5216007
2015,AI,6.4,5.3,1,5216304
2015,AF,0,5.7,0,5216403
2015,AI,6.2,4.9,1,5216403
2015,AI,5.8,5.4,1,5216452
2015,AI,6.3,5.5,1,5216809
2015,AI,4.8,0,0,5216908
2015,AF,4.4,4.9,0,5217104
2015,AI,0,5.3,0,5217104
2015,AF,4.5,4.7,0,5217203
2015,AI,5.5,5.5,1,5217203
2015,AI,5.3,5.4,0,5217302
2015,AI,5.7,5.7,1,5217401
2015,AF,3.9,4.3,0,5217609
2015,AI,5,4.8,1,5217609
2015,AF,4.6,5,0,5217708
2015,AI,5.6,5.3,1,5217708
2015,AF,4.2,4.7,0,5218003
2015,AI,5,4.9,1,5218003
2015,AI,5.7,5.5,1,5218052
2015,AI,5.4,5.2,1,5218102
2015,AF,5.3,5.2,1,5218300
2015,AI,5.9,4.8,1,5218300
2015,AF,5.2,5.2,1,5218508
2015,AI,6.5,5.5,1,5218508
2015,AI,6.4,6.4,1,5218607
2015,AI,6.3,5.4,1,5218706
2015,AI,5.6,5.1,1,5218789
2015,AF,5,5.3,0,5218805
2015,AI,6.9,5.9,1,5218805
2015,AF,5.9,5.8,1,5218904
2015,AI,6.9,6.1,1,5218904
2015,AI,0,6.2,0,5219001
2015,AI,6.7,5.7,1,5219100
2015,AI,5.6,4.1,1,5219209
2015,AI,5.6,5.2,1,5219258
2015,AI,5.8,5.1,1,5219308
2015,AI,5.2,5,1,5219407
2015,AI,0,5.6,0,5219456
2015,AI,5.8,6.2,0,5219506
2015,AF,4.8,4.6,1,5219605
2015,AI,5.1,5.2,0,5219605
2015,AF,5.6,5,1,5219704
2015,AI,5.5,5.4,1,5219704
2015,AI,5.6,4.9,1,5219712
2015,AI,5.4,5,1,5219738
2015,AF,3.7,4.5,0,5219753
2015,AI,4.4,4.6,0,5219753
2015,AF,4.1,3.7,1,5219803
2015,AI,5.1,4.2,1,5219803
2015,AI,7.1,5.2,1,5219902
2015,AI,4.7,5.2,0,5220009
2015,AI,5.9,5.8,1,5220058
2015,AF,5.2,5,1,5220108
2015,AI,6.2,5.7,1,5220108
2015,AI,5.7,5.2,1,5220157
2015,AI,6.2,5.5,1,5220207
2015,AF,5.1,5.1,1,5220264
2015,AI,5.5,5.3,1,5220264
2015,AI,5.8,5.7,1,5220280
2015,AF,4.7,5.5,0,5220405
2015,AI,5.6,5.8,0,5220405
2015,AF,4.3,4.2,1,5220454
2015,AI,5.3,4.8,1,5220454
2015,AF,0,5.2,0,5220504
2015,AI,5.7,5.4,1,5220504
2015,AF,0,4.6,0,5220603
2015,AI,5.8,5.4,1,5220603
2015,AI,4.7,4.3,1,5220686
2015,AF,0,4.3,0,5221007
2015,AI,5.5,6,0,5221007
2015,AI,4.3,4.4,0,5221080
2015,AI,4.7,5.1,0,5221197
2015,AI,6.4,6.4,1,5221304
2015,AF,4.5,4.9,0,5221403
2015,AI,5.5,5.3,1,5221403
2015,AI,5,5.2,0,5221452
2015,AI,6,5.8,1,5221502
2015,AF,4.8,5.1,0,5221551
2015,AI,5.2,4.5,1,5221551
2015,AF,4.3,5.5,0,5221577
2015,AI,4.4,5.2,0,5221577
2015,AF,4.9,4.9,1,5221601
2015,AI,5.6,5.3,1,5221601
2015,AF,5.7,5.7,1,5221700
2015,AI,5.9,5.9,1,5221700
2015,AI,5.3,6.2,0,5221809
2015,AF,3.9,5,0,5221858
2015,AI,4.9,4.9,1,5221858
2015,AI,4.2,5,0,5221908
2015,AF,0,5.8,0,5222005
2015,AI,6,6.2,0,5222005
2015,AF,5.7,4.7,1,5222054
2015,AI,6.1,4.7,1,5222054
2015,AF,4.3,4.7,0,5222203
2015,AI,4.6,5.5,0,5222203
2015,AI,5.8,4.9,1,5222302
2017,AF,0,4.5,0,5200050
2017,AI,0,5.5,0,5200050
2017,AI,0,5.7,0,5200100
2017,AF,0,4,0,5200134
2017,AI,0,5.4,0,5200134
2017,AI,0,5.6,0,5200159
2017,AI,0,5.3,0,5200175
2017,AI,0,4.7,0,5200209
2017,AI,0,4.6,0,5200258
2017,AF,0,5.4,0,5200308
2017,AI,0,5.6,0,5200308
2017,AF,0,4.6,0,5200555
2017,AI,0,5.2,0,5200555
2017,AI,0,4.9,0,5200605
2017,AF,0,4.5,0,5200803
2017,AI,0,4.8,0,5200803
2017,AI,0,5.5,0,5200829
2017,AI,0,5.4,0,5200852
2017,AF,0,5.1,0,5201108
2017,AI,0,5.7,0,5201108
2017,AI,0,5.6,0,5201207
2017,AF,0,5,0,5201306
2017,AI,0,6.1,0,5201306
2017,AF,0,4.8,0,5201405
2017,AI,0,5.6,0,5201405
2017,AF,0,4.9,0,5201454
2017,AI,0,4.5,0,5201454
2017,AI,0,6,0,5201504
2017,AI,0,5.6,0,5201603
2017,AF,0,4.9,0,5201702
2017,AI,0,5,0,5201702
2017,AI,0,4.8,0,5201801
2017,AI,0,4.3,0,5202155
2017,AI,0,5.6,0,5202353
2017,AI,0,5.4,0,5202502
2017,AI,0,5.7,0,5202601
2017,AF,0,5,0,5202809
2017,AI,0,5.6,0,5202809
2017,AF,0,5.3,0,5203104
2017,AI,0,4.7,0,5203104
2017,AF,0,5.7,0,5203203
2017,AI,0,5.4,0,5203203
2017,AI,0,4.7,0,5203302
2017,AI,0,5.5,0,5203401
2017,AF,0,5.1,0,5203500
2017,AI,0,5.3,0,5203500
2017,AI,0,4.8,0,5203559
2017,AF,0,5.2,0,5203575
2017,AI,0,5,0,5203575
2017,AI,0,5.8,0,5203609
2017,AI,0,5.2,0,5203807
2017,AI,0,6.9,0,5203906
2017,AI,0,6.2,0,5203939
2017,AI,0,5.4,0,5203962
2017,AI,0,4.5,0,5204003
2017,AI,0,5.6,0,5204102
2017,AF,0,5.1,0,5204250
2017,AI,0,5.4,0,5204250
2017,AF,0,5,0,5204300
2017,AI,0,5.1,0,5204300
2017,AI,0,5.8,0,5204409
2017,AF,0,4.5,0,5204508
2017,AI,0,5.6,0,5204508
2017,AI,0,5.5,0,5204557
2017,AF,0,4.2,0,5204607
2017,AI,0,4.3,0,5204607
2017,AF,0,4.8,0,5204656
2017,AI,0,5.8,0,5204656
2017,AI,0,6,0,5204706
2017,AI,0,6,0,5204805
2017,AF,0,5.4,0,5204854
2017,AI,0,5.6,0,5204854
2017,AF,0,4.8,0,5204904
2017,AI,0,5.2,0,5204904
2017,AF,0,5.3,0,5204953
2017,AI,0,5.4,0,5204953
2017,AF,0,4.1,0,5205000
2017,AI,0,6,0,5205000
2017,AI,0,5.4,0,5205059
2017,AF,0,5.2,0,5205109
2017,AI,0,6,0,5205109
2017,AI,0,5.4,0,5205208
2017,AI,0,4.8,0,5205307
2017,AI,0,5.7,0,5205406
2017,AI,0,6.1,0,5205455
2017,AF,0,5.1,0,5205471
2017,AI,0,5.8,0,5205471
2017,AF,0,4.8,0,5205497
2017,AI,0,5.4,0,5205497
2017,AF,0,4.4,0,5205513
2017,AI,0,5.1,0,5205513
2017,AF,0,4.8,0,5205521
2017,AI,0,5.4,0,5205521
2017,AI,0,5.6,0,5205703
2017,AI,0,6,0,5205802
2017,AI,0,5.7,0,5205901
2017,AF,0,4.9,0,5206206
2017,AI,0,5.2,0,5206206
2017,AF,0,4.8,0,5206305
2017,AI,0,4.9,0,5206305
2017,AI,0,5.4,0,5206404
2017,AI,0,4.9,0,5206701
2017,AI,0,5.1,0,5206800
2017,AI,0,5.7,0,5206909
2017,AI,0,5.7,0,5207253
2017,AF,0,4.7,0,5207352
2017,AI,0,6.1,0,5207352
2017,AF,0,5,0,5207402
2017,AI,0,6,0,5207402
2017,AF,0,5.3,0,5207501
2017,AI,0,5.6,0,5207501
2017,AI,0,5.1,0,5207535
2017,AI,0,5.7,0,5207600
2017,AI,0,6,0,5207808
2017,AI,0,4.7,0,5207907
2017,AF,0,5.5,0,5208004
2017,AI,0,5.8,0,5208004
2017,AI,0,5.4,0,5208103
2017,AF,0,5.2,0,5208152
2017,AI,0,5.5,0,5208152
2017,AI,0,4.5,0,5208301
2017,AI,0,5.3,0,5208400
2017,AI,0,6.6,0,5208509
2017,AI,0,5.9,0,5208608
2017,AF,0,4.4,0,5208707
2017,AI,0,5.5,0,5208707
2017,AF,0,4.1,0,5208806
2017,AI,0,5.5,0,5208806
2017,AF,0,5.3,0,5208905
2017,AI,0,6.1,0,5208905
2017,AF,0,5.2,0,5209101
2017,AI,0,5.6,0,5209101
2017,AF,0,0,0,5209150
2017,AI,0,5.3,0,5209150
2017,AI,0,5.2,0,5209200
2017,AI,0,5.4,0,5209291
2017,AF,0,4.2,0,5209408
2017,AI,0,4.8,0,5209408
2017,AI,0,6.8,0,5209457
2017,AF,0,4.8,0,5209705
2017,AI,0,5.6,0,5209705
2017,AI,0,5.4,0,5209804
2017,AI,0,4.3,0,5209903
2017,AF,0,5.3,0,5209937
2017,AI,0,5.8,0,5209937
2017,AF,0,4.8,0,5209952
2017,AI,0,5.8,0,5209952
2017,AF,0,5.1,0,5210000
2017,AI,0,5.7,0,5210000
2017,AF,0,5.9,0,5210109
2017,AI,0,6.7,0,5210109
2017,AI,0,6.1,0,5210158
2017,AF,0,4.2,0,5210208
2017,AI,0,5.5,0,5210208
2017,AI,0,5.6,0,5210307
2017,AF,0,5.2,0,5210406
2017,AI,0,5.8,0,5210406
2017,AI,0,5.6,0,5210562
2017,AI,0,6.2,0,5210604
2017,AI,0,5.4,0,5210802
2017,AF,0,5.7,0,5210901
2017,AI,0,6.3,0,5210901
2017,AI,0,4.9,0,5211008
2017,AF,0,5.4,0,5211206
2017,AI,0,5.8,0,5211206
2017,AI,0,5.8,0,5211305
2017,AI,0,6.4,0,5211404
2017,AF,0,5.2,0,5211503
2017,AI,0,5.7,0,5211503
2017,AF,0,5.5,0,5211701
2017,AI,0,5.9,0,5211701
2017,AI,0,6,0,5211800
2017,AF,0,5.3,0,5211909
2017,AI,0,5.6,0,5211909
2017,AI,0,6.5,0,5212006
2017,AI,0,6.3,0,5212055
2017,AF,0,5.1,0,5212105
2017,AI,0,5.4,0,5212105
2017,AF,0,6,0,5212204
2017,AI,0,5.2,0,5212204
2017,AI,0,4.9,0,5212253
2017,AF,0,4.1,0,5212303
2017,AI,0,4.5,0,5212303
2017,AF,0,3.8,0,5212501
2017,AI,0,5.3,0,5212501
2017,AI,0,4.9,0,5212600
2017,AI,0,4.2,0,5212709
2017,AI,0,5.1,0,5212808
2017,AI,0,5.2,0,5212956
2017,AI,0,5.1,0,5213004
2017,AI,0,5.3,0,5213053
2017,AF,0,4.8,0,5213087
2017,AI,0,5.5,0,5213087
2017,AF,0,4.4,0,5213103
2017,AI,0,5.9,0,5213103
2017,AI,0,5.2,0,5213400
2017,AI,0,4.3,0,5213509
2017,AF,0,5.2,0,5213707
2017,AI,0,5.7,0,5213707
2017,AF,0,5.2,0,5213756
2017,AI,0,5,0,5213756
2017,AI,0,5,0,5213772
2017,AF,0,5.2,0,5213806
2017,AI,0,5.7,0,5213806
2017,AI,0,5.8,0,5213855
2017,AI,0,6,0,5213905
2017,AF,0,5.3,0,5214002
2017,AI,0,5,0,5214002
2017,AI,0,4.7,0,5214051
2017,AI,0,5.4,0,5214101
2017,AI,0,6.1,0,5214408
2017,AF,0,5.4,0,5214507
2017,AI,0,5.8,0,5214507
2017,AF,0,5,0,5214606
2017,AI,0,5.1,0,5214606
2017,AI,0,5.9,0,5214705
2017,AF,0,4.2,0,5214838
2017,AI,0,4.6,0,5214838
2017,AI,0,6.2,0,5214861
2017,AI,0,5.7,0,5214879
2017,AI,0,4.6,0,5214903
2017,AI,0,6.1,0,5215009
2017,AI,0,6.3,0,5215207
2017,AI,0,5.4,0,5215231
2017,AI,0,5.2,0,5215256
2017,AF,0,5.8,0,5215306
2017,AI,0,5.7,0,5215306
2017,AF,0,5.9,0,5215405
2017,AI,0,6.2,0,5215405
2017,AI,0,6.6,0,5215504
2017,AF,0,4.4,0,5215603
2017,AI,0,5,0,5215603
2017,AI,0,6.7,0,5215652
2017,AF,0,5,0,5215702
2017,AI,0,6.2,0,5215702
2017,AI,0,6.3,0,5215801
2017,AI,0,5.7,0,5215900
2017,AI,0,6.2,0,5216007
2017,AI,0,5.6,0,5216304
2017,AF,0,5.9,0,5216403
2017,AI,0,5.1,0,5216403
2017,AI,0,5.7,0,5216452
2017,AI,0,5.8,0,5216809
2017,AI,0,5.1,0,5216908
2017,AF,0,5.1,0,5217104
2017,AI,0,5.6,0,5217104
2017,AF,0,5,0,5217203
2017,AI,0,5.8,0,5217203
2017,AI,0,5.7,0,5217302
2017,AI,0,6,0,5217401
2017,AF,0,4.6,0,5217609
2017,AI,0,5,0,5217609
2017,AF,0,5.3,0,5217708
2017,AI,0,5.6,0,5217708
2017,AF,0,5,0,5218003
2017,AI,0,5.2,0,5218003
2017,AI,0,5.8,0,5218052
2017,AI,0,5.5,0,5218102
2017,AF,0,5.5,0,5218300
2017,AI,0,5.1,0,5218300
2017,AF,0,5.4,0,5218508
2017,AI,0,5.8,0,5218508
2017,AI,0,6.6,0,5218607
2017,AI,0,5.6,0,5218706
2017,AI,0,5.3,0,5218789
2017,AF,0,5.6,0,5218805
2017,AI,0,6.2,0,5218805
2017,AF,0,6,0,5218904
2017,AI,0,6.3,0,5218904
2017,AI,0,6.4,0,5219001
2017,AI,0,6,0,5219100
2017,AI,0,4.4,0,5219209
2017,AI,0,5.5,0,5219258
2017,AI,0,5.4,0,5219308
2017,AI,0,5.3,0,5219407
2017,AI,0,5.8,0,5219456
2017,AI,0,6.4,0,5219506
2017,AF,0,4.8,0,5219605
2017,AI,0,5.5,0,5219605
2017,AF,0,5.3,0,5219704
2017,AI,0,5.6,0,5219704
2017,AI,0,5.2,0,5219712
2017,AI,0,5.3,0,5219738
2017,AF,0,4.8,0,5219753
2017,AI,0,4.9,0,5219753
2017,AF,0,4,0,5219803
2017,AI,0,4.5,0,5219803
2017,AI,0,5.5,0,5219902
2017,AI,0,5.4,0,5220009
2017,AI,0,6.1,0,5220058
2017,AF,0,5.3,0,5220108
2017,AI,0,5.9,0,5220108
2017,AI,0,5.5,0,5220157
2017,AI,0,5.7,0,5220207
2017,AF,0,5.4,0,5220264
2017,AI,0,5.5,0,5220264
2017,AI,0,6,0,5220280
2017,AF,0,5.8,0,5220405
2017,AI,0,6,0,5220405
2017,AF,0,4.5,0,5220454
2017,AI,0,5.1,0,5220454
2017,AF,0,5.4,0,5220504
2017,AI,0,5.7,0,5220504
2017,AF,0,4.9,0,5220603
2017,AI,0,5.7,0,5220603
2017,AI,0,4.6,0,5220686
2017,AF,0,4.6,0,5221007
2017,AI,0,6.2,0,5221007
2017,AI,0,4.7,0,5221080
2017,AI,0,5.3,0,5221197
2017,AI,0,6.6,0,5221304
2017,AF,0,5.1,0,5221403
2017,AI,0,5.6,0,5221403
2017,AI,0,5.5,0,5221452
2017,AI,0,6.1,0,5221502
2017,AF,0,5.4,0,5221551
2017,AI,0,4.8,0,5221551
2017,AF,0,5.7,0,5221577
2017,AI,0,5.5,0,5221577
2017,AF,0,5.1,0,5221601
2017,AI,0,5.6,0,5221601
2017,AF,0,5.9,0,5221700
2017,AI,0,6.2,0,5221700
2017,AI,0,6.5,0,5221809
2017,AF,0,5.3,0,5221858
2017,AI,0,5.2,0,5221858
2017,AI,0,5.3,0,5221908
2017,AF,0,6,0,5222005
2017,AI,0,6.4,0,5222005
2017,AF,0,4.9,0,5222054
2017,AI,0,5,0,5222054
2017,AF,0,4.9,0,5222203
2017,AI,0,5.8,0,5222203
2017,AI,0,5.2,0,5222302
2019,AF,0,4.8,0,5200050
2019,AI,0,5.8,0,5200050
2019,AI,0,5.9,0,5200100
2019,AF,0,4.3,0,5200134
2019,AI,0,5.7,0,5200134
2019,AI,0,5.9,0,5200159
2019,AI,0,5.6,0,5200175
2019,AI,0,5,0,5200209
2019,AI,0,4.9,0,5200258
2019,AF,0,5.6,0,5200308
2019,AI,0,5.8,0,5200308
2019,AF,0,4.8,0,5200555
2019,AI,0,5.5,0,5200555
2019,AI,0,5.2,0,5200605
2019,AF,0,4.8,0,5200803
2019,AI,0,5.1,0,5200803
2019,AI,0,5.8,0,5200829
2019,AI,0,5.7,0,5200852
2019,AF,0,5.3,0,5201108
2019,AI,0,6,0,5201108
2019,AI,0,5.9,0,5201207
2019,AF,0,5.3,0,5201306
2019,AI,0,6.3,0,5201306
2019,AF,0,5,0,5201405
2019,AI,0,5.9,0,5201405
2019,AF,0,5.1,0,5201454
2019,AI,0,4.8,0,5201454
2019,AI,0,6.2,0,5201504
2019,AI,0,5.9,0,5201603
2019,AF,0,5.2,0,5201702
2019,AI,0,5.3,0,5201702
2019,AI,0,5.1,0,5201801
2019,AI,0,4.6,0,5202155
2019,AI,0,5.8,0,5202353
2019,AI,0,5.7,0,5202502
2019,AI,0,6,0,5202601
2019,AF,0,5.2,0,5202809
2019,AI,0,5.9,0,5202809
2019,AF,0,5.5,0,5203104
2019,AI,0,5,0,5203104
2019,AF,0,5.9,0,5203203
2019,AI,0,5.7,0,5203203
2019,AI,0,5,0,5203302
2019,AI,0,5.8,0,5203401
2019,AF,0,5.4,0,5203500
2019,AI,0,5.6,0,5203500
2019,AI,0,5.1,0,5203559
2019,AF,0,5.5,0,5203575
2019,AI,0,5.3,0,5203575
2019,AI,0,6.1,0,5203609
2019,AI,0,5.5,0,5203807
2019,AI,0,7.1,0,5203906
2019,AI,0,6.5,0,5203939
2019,AI,0,5.7,0,5203962
2019,AI,0,4.8,0,5204003
2019,AI,0,5.9,0,5204102
2019,AF,0,5.3,0,5204250
2019,AI,0,5.7,0,5204250
2019,AF,0,5.2,0,5204300
2019,AI,0,5.4,0,5204300
2019,AI,0,6,0,5204409
2019,AF,0,4.8,0,5204508
2019,AI,0,5.8,0,5204508
2019,AI,0,5.7,0,5204557
2019,AF,0,4.4,0,5204607
2019,AI,0,4.6,0,5204607
2019,AF,0,5.1,0,5204656
2019,AI,0,6,0,5204656
2019,AI,0,6.2,0,5204706
2019,AI,0,6.2,0,5204805
2019,AF,0,5.6,0,5204854
2019,AI,0,5.9,0,5204854
2019,AF,0,5.1,0,5204904
2019,AI,0,5.5,0,5204904
2019,AF,0,5.5,0,5204953
2019,AI,0,5.7,0,5204953
2019,AF,0,4.3,0,5205000
2019,AI,0,6.2,0,5205000
2019,AI,0,5.7,0,5205059
2019,AF,0,5.5,0,5205109
2019,AI,0,6.3,0,5205109
2019,AI,0,5.6,0,5205208
2019,AI,0,5.1,0,5205307
2019,AI,0,6,0,5205406
2019,AI,0,6.4,0,5205455
2019,AF,0,5.4,0,5205471
2019,AI,0,6,0,5205471
2019,AF,0,5.1,0,5205497
2019,AI,0,5.7,0,5205497
2019,AF,0,4.7,0,5205513
2019,AI,0,5.4,0,5205513
2019,AF,0,5.1,0,5205521
2019,AI,0,5.7,0,5205521
2019,AI,0,5.9,0,5205703
2019,AI,0,6.2,0,5205802
2019,AI,0,5.9,0,5205901
2019,AF,0,5.2,0,5206206
2019,AI,0,5.4,0,5206206
2019,AF,0,5.1,0,5206305
2019,AI,0,5.2,0,5206305
2019,AI,0,5.6,0,5206404
2019,AI,0,5.2,0,5206701
2019,AI,0,5.4,0,5206800
2019,AI,0,5.9,0,5206909
2019,AI,0,5.9,0,5207253
2019,AF,0,5,0,5207352
2019,AI,0,6.3,0,5207352
2019,AF,0,5.3,0,5207402
2019,AI,0,6.3,0,5207402
2019,AF,0,5.6,0,5207501
2019,AI,0,5.9,0,5207501
2019,AI,0,5.4,0,5207535
2019,AI,0,6,0,5207600
2019,AI,0,6.2,0,5207808
2019,AI,0,5,0,5207907
2019,AF,0,5.7,0,5208004
2019,AI,0,6,0,5208004
2019,AI,0,5.6,0,5208103
2019,AF,0,5.4,0,5208152
2019,AI,0,5.8,0,5208152
2019,AI,0,4.8,0,5208301
2019,AI,0,5.6,0,5208400
2019,AI,0,6.8,0,5208509
2019,AI,0,6.2,0,5208608
2019,AF,0,4.7,0,5208707
2019,AI,0,5.8,0,5208707
2019,AF,0,4.4,0,5208806
2019,AI,0,5.7,0,5208806
2019,AF,0,5.5,0,5208905
2019,AI,0,6.4,0,5208905
2019,AF,0,5.5,0,5209101
2019,AI,0,5.9,0,5209101
2019,AF,0,0,0,5209150
2019,AI,0,5.6,0,5209150
2019,AI,0,5.5,0,5209200
2019,AI,0,5.7,0,5209291
2019,AF,0,4.5,0,5209408
2019,AI,0,5.1,0,5209408
2019,AI,0,7,0,5209457
2019,AF,0,5,0,5209705
2019,AI,0,5.9,0,5209705
2019,AI,0,5.6,0,5209804
2019,AI,0,4.6,0,5209903
2019,AF,0,5.5,0,5209937
2019,AI,0,6.1,0,5209937
2019,AF,0,5.1,0,5209952
2019,AI,0,6,0,5209952
2019,AF,0,5.3,0,5210000
2019,AI,0,6,0,5210000
2019,AF,0,6.1,0,5210109
2019,AI,0,7,0,5210109
2019,AI,0,6.4,0,5210158
2019,AF,0,4.5,0,5210208
2019,AI,0,5.8,0,5210208
2019,AI,0,5.9,0,5210307
2019,AF,0,5.4,0,5210406
2019,AI,0,6.1,0,5210406
2019,AI,0,5.9,0,5210562
2019,AI,0,6.4,0,5210604
2019,AI,0,5.7,0,5210802
2019,AF,0,5.9,0,5210901
2019,AI,0,6.5,0,5210901
2019,AI,0,5.2,0,5211008
2019,AF,0,5.6,0,5211206
2019,AI,0,6.1,0,5211206
2019,AI,0,6.1,0,5211305
2019,AI,0,6.6,0,5211404
2019,AF,0,5.5,0,5211503
2019,AI,0,6,0,5211503
2019,AF,0,5.7,0,5211701
2019,AI,0,6.2,0,5211701
2019,AI,0,6.2,0,5211800
2019,AF,0,5.5,0,5211909
2019,AI,0,5.9,0,5211909
2019,AI,0,6.8,0,5212006
2019,AI,0,6.5,0,5212055
2019,AF,0,5.3,0,5212105
2019,AI,0,5.7,0,5212105
2019,AF,0,6.3,0,5212204
2019,AI,0,5.4,0,5212204
2019,AI,0,5.2,0,5212253
2019,AF,0,4.4,0,5212303
2019,AI,0,4.8,0,5212303
2019,AF,0,4.1,0,5212501
2019,AI,0,5.6,0,5212501
2019,AI,0,5.2,0,5212600
2019,AI,0,4.5,0,5212709
2019,AI,0,5.4,0,5212808
2019,AI,0,5.5,0,5212956
2019,AI,0,5.4,0,5213004
2019,AI,0,5.6,0,5213053
2019,AF,0,5,0,5213087
2019,AI,0,5.8,0,5213087
2019,AF,0,4.7,0,5213103
2019,AI,0,6.2,0,5213103
2019,AI,0,5.5,0,5213400
2019,AI,0,4.6,0,5213509
2019,AF,0,5.4,0,5213707
2019,AI,0,6,0,5213707
2019,AF,0,5.4,0,5213756
2019,AI,0,5.3,0,5213756
2019,AI,0,5.3,0,5213772
2019,AF,0,5.4,0,5213806
2019,AI,0,6,0,5213806
2019,AI,0,6.1,0,5213855
2019,AI,0,6.3,0,5213905
2019,AF,0,5.5,0,5214002
2019,AI,0,5.3,0,5214002
2019,AI,0,5,0,5214051
2019,AI,0,5.7,0,5214101
2019,AI,0,6.3,0,5214408
2019,AF,0,5.7,0,5214507
2019,AI,0,6.1,0,5214507
2019,AF,0,5.2,0,5214606
2019,AI,0,5.4,0,5214606
2019,AI,0,6.2,0,5214705
2019,AF,0,4.4,0,5214838
2019,AI,0,4.9,0,5214838
2019,AI,0,6.4,0,5214861
2019,AI,0,6,0,5214879
2019,AI,0,4.9,0,5214903
2019,AI,0,6.3,0,5215009
2019,AI,0,6.5,0,5215207
2019,AI,0,5.7,0,5215231
2019,AI,0,5.5,0,5215256
2019,AF,0,6,0,5215306
2019,AI,0,6,0,5215306
2019,AF,0,6.1,0,5215405
2019,AI,0,6.4,0,5215405
2019,AI,0,6.8,0,5215504
2019,AF,0,4.7,0,5215603
2019,AI,0,5.3,0,5215603
2019,AI,0,6.9,0,5215652
2019,AF,0,5.2,0,5215702
2019,AI,0,6.4,0,5215702
2019,AI,0,6.5,0,5215801
2019,AI,0,6,0,5215900
2019,AI,0,6.4,0,5216007
2019,AI,0,5.9,0,5216304
2019,AF,0,6.1,0,5216403
2019,AI,0,5.4,0,5216403
2019,AI,0,5.9,0,5216452
2019,AI,0,6.1,0,5216809
2019,AI,0,5.4,0,5216908
2019,AF,0,5.4,0,5217104
2019,AI,0,5.9,0,5217104
2019,AF,0,5.2,0,5217203
2019,AI,0,6,0,5217203
2019,AI,0,6,0,5217302
2019,AI,0,6.2,0,5217401
2019,AF,0,4.9,0,5217609
2019,AI,0,5.3,0,5217609
2019,AF,0,5.5,0,5217708
2019,AI,0,5.9,0,5217708
2019,AF,0,5.2,0,5218003
2019,AI,0,5.5,0,5218003
2019,AI,0,6.1,0,5218052
2019,AI,0,5.7,0,5218102
2019,AF,0,5.7,0,5218300
2019,AI,0,5.4,0,5218300
2019,AF,0,5.7,0,5218508
2019,AI,0,6,0,5218508
2019,AI,0,6.8,0,5218607
2019,AI,0,5.9,0,5218706
2019,AI,0,5.6,0,5218789
2019,AF,0,5.8,0,5218805
2019,AI,0,6.4,0,5218805
2019,AF,0,6.2,0,5218904
2019,AI,0,6.5,0,5218904
2019,AI,0,6.6,0,5219001
2019,AI,0,6.2,0,5219100
2019,AI,0,4.7,0,5219209
2019,AI,0,5.7,0,5219258
2019,AI,0,5.6,0,5219308
2019,AI,0,5.6,0,5219407
2019,AI,0,6.1,0,5219456
2019,AI,0,6.6,0,5219506
2019,AF,0,5.1,0,5219605
2019,AI,0,5.8,0,5219605
2019,AF,0,5.5,0,5219704
2019,AI,0,5.9,0,5219704
2019,AI,0,5.4,0,5219712
2019,AI,0,5.6,0,5219738
2019,AF,0,5.1,0,5219753
2019,AI,0,5.2,0,5219753
2019,AF,0,4.2,0,5219803
2019,AI,0,4.8,0,5219803
2019,AI,0,5.8,0,5219902
2019,AI,0,5.7,0,5220009
2019,AI,0,6.3,0,5220058
2019,AF,0,5.5,0,5220108
2019,AI,0,6.2,0,5220108
2019,AI,0,5.8,0,5220157
2019,AI,0,6,0,5220207
2019,AF,0,5.6,0,5220264
2019,AI,0,5.8,0,5220264
2019,AI,0,6.2,0,5220280
2019,AF,0,6,0,5220405
2019,AI,0,6.3,0,5220405
2019,AF,0,4.8,0,5220454
2019,AI,0,5.4,0,5220454
2019,AF,0,5.7,0,5220504
2019,AI,0,5.9,0,5220504
2019,AF,0,5.1,0,5220603
2019,AI,0,5.9,0,5220603
2019,AI,0,4.9,0,5220686
2019,AF,0,4.8,0,5221007
2019,AI,0,6.5,0,5221007
2019,AI,0,5,0,5221080
2019,AI,0,5.6,0,5221197
2019,AI,0,6.9,0,5221304
2019,AF,0,5.4,0,5221403
2019,AI,0,5.9,0,5221403
2019,AI,0,5.7,0,5221452
2019,AI,0,6.4,0,5221502
2019,AF,0,5.6,0,5221551
2019,AI,0,5.1,0,5221551
2019,AF,0,5.9,0,5221577
2019,AI,0,5.8,0,5221577
2019,AF,0,5.4,0,5221601
2019,AI,0,5.9,0,5221601
2019,AF,0,6.2,0,5221700
2019,AI,0,6.4,0,5221700
2019,AI,0,6.7,0,5221809
2019,AF,0,5.5,0,5221858
2019,AI,0,5.5,0,5221858
2019,AI,0,5.6,0,5221908
2019,AF,0,6.2,0,5222005
2019,AI,0,6.7,0,5222005
2019,AF,0,5.2,0,5222054
2019,AI,0,5.3,0,5222054
2019,AF,0,5.2,0,5222203
2019,AI,0,6,0,5222203
2019,AI,0,5.5,0,5222302
2021,AF,0,5.1,0,5200050
2021,AI,0,6.1,0,5200050
2021,AI,0,6.2,0,5200100
2021,AF,0,4.6,0,5200134
2021,AI,0,6,0,5200134
2021,AI,0,6.1,0,5200159
2021,AI,0,5.9,0,5200175
2021,AI,0,5.3,0,5200209
2021,AI,0,5.2,0,5200258
2021,AF,0,5.9,0,5200308
2021,AI,0,6.1,0,5200308
2021,AF,0,5.1,0,5200555
2021,AI,0,5.7,0,5200555
2021,AI,0,5.4,0,5200605
2021,AF,0,5,0,5200803
2021,AI,0,5.4,0,5200803
2021,AI,0,6.1,0,5200829
2021,AI,0,6,0,5200852
2021,AF,0,5.6,0,5201108
2021,AI,0,6.2,0,5201108
2021,AI,0,6.1,0,5201207
2021,AF,0,5.5,0,5201306
2021,AI,0,6.6,0,5201306
2021,AF,0,5.3,0,5201405
2021,AI,0,6.2,0,5201405
2021,AF,0,5.4,0,5201454
2021,AI,0,5.1,0,5201454
2021,AI,0,6.5,0,5201504
2021,AI,0,6.1,0,5201603
2021,AF,0,5.4,0,5201702
2021,AI,0,5.6,0,5201702
2021,AI,0,5.4,0,5201801
2021,AI,0,5,0,5202155
2021,AI,0,6.1,0,5202353
2021,AI,0,5.9,0,5202502
2021,AI,0,6.2,0,5202601
2021,AF,0,5.5,0,5202809
2021,AI,0,6.1,0,5202809
2021,AF,0,5.7,0,5203104
2021,AI,0,5.3,0,5203104
2021,AF,0,6.1,0,5203203
2021,AI,0,6,0,5203203
2021,AI,0,5.3,0,5203302
2021,AI,0,6,0,5203401
2021,AF,0,5.6,0,5203500
2021,AI,0,5.9,0,5203500
2021,AI,0,5.4,0,5203559
2021,AF,0,5.7,0,5203575
2021,AI,0,5.6,0,5203575
2021,AI,0,6.3,0,5203609
2021,AI,0,5.7,0,5203807
2021,AI,0,7.3,0,5203906
2021,AI,0,6.7,0,5203939
2021,AI,0,6,0,5203962
2021,AI,0,5.1,0,5204003
2021,AI,0,6.1,0,5204102
2021,AF,0,5.6,0,5204250
2021,AI,0,6,0,5204250
2021,AF,0,5.5,0,5204300
2021,AI,0,5.7,0,5204300
2021,AI,0,6.3,0,5204409
2021,AF,0,5.1,0,5204508
2021,AI,0,6.1,0,5204508
2021,AI,0,6,0,5204557
2021,AF,0,4.7,0,5204607
2021,AI,0,4.9,0,5204607
2021,AF,0,5.4,0,5204656
2021,AI,0,6.3,0,5204656
2021,AI,0,6.5,0,5204706
2021,AI,0,6.5,0,5204805
2021,AF,0,5.9,0,5204854
2021,AI,0,6.2,0,5204854
2021,AF,0,5.3,0,5204904
2021,AI,0,5.8,0,5204904
2021,AF,0,5.7,0,5204953
2021,AI,0,6,0,5204953
2021,AF,0,4.6,0,5205000
2021,AI,0,6.5,0,5205000
2021,AI,0,6,0,5205059
2021,AF,0,5.7,0,5205109
2021,AI,0,6.5,0,5205109
2021,AI,0,5.9,0,5205208
2021,AI,0,5.4,0,5205307
2021,AI,0,6.2,0,5205406
2021,AI,0,6.6,0,5205455
2021,AF,0,5.6,0,5205471
2021,AI,0,6.3,0,5205471
2021,AF,0,5.3,0,5205497
2021,AI,0,6,0,5205497
2021,AF,0,5,0,5205513
2021,AI,0,5.7,0,5205513
2021,AF,0,5.4,0,5205521
2021,AI,0,6,0,5205521
2021,AI,0,6.1,0,5205703
2021,AI,0,6.5,0,5205802
2021,AI,0,6.2,0,5205901
2021,AF,0,5.4,0,5206206
2021,AI,0,5.7,0,5206206
2021,AF,0,5.3,0,5206305
2021,AI,0,5.5,0,5206305
2021,AI,0,5.9,0,5206404
2021,AI,0,5.5,0,5206701
2021,AI,0,5.7,0,5206800
2021,AI,0,6.2,0,5206909
2021,AI,0,6.2,0,5207253
2021,AF,0,5.2,0,5207352
2021,AI,0,6.6,0,5207352
2021,AF,0,5.5,0,5207402
2021,AI,0,6.5,0,5207402
2021,AF,0,5.8,0,5207501
2021,AI,0,6.1,0,5207501
2021,AI,0,5.7,0,5207535
2021,AI,0,6.3,0,5207600
2021,AI,0,6.5,0,5207808
2021,AI,0,5.3,0,5207907
2021,AF,0,5.9,0,5208004
2021,AI,0,6.3,0,5208004
2021,AI,0,5.9,0,5208103
2021,AF,0,5.7,0,5208152
2021,AI,0,6,0,5208152
2021,AI,0,5.2,0,5208301
2021,AI,0,5.9,0,5208400
2021,AI,0,7,0,5208509
2021,AI,0,6.4,0,5208608
2021,AF,0,4.9,0,5208707
2021,AI,0,6.1,0,5208707
2021,AF,0,4.7,0,5208806
2021,AI,0,6,0,5208806
2021,AF,0,5.8,0,5208905
2021,AI,0,6.6,0,5208905
2021,AF,0,5.7,0,5209101
2021,AI,0,6.2,0,5209101
2021,AF,0,0,0,5209150
2021,AI,0,5.8,0,5209150
2021,AI,0,5.8,0,5209200
2021,AI,0,6,0,5209291
2021,AF,0,4.8,0,5209408
2021,AI,0,5.4,0,5209408
2021,AI,0,7.2,0,5209457
2021,AF,0,5.3,0,5209705
2021,AI,0,6.1,0,5209705
2021,AI,0,5.9,0,5209804
2021,AI,0,4.9,0,5209903
2021,AF,0,5.8,0,5209937
2021,AI,0,6.3,0,5209937
2021,AF,0,5.3,0,5209952
2021,AI,0,6.3,0,5209952
2021,AF,0,5.6,0,5210000
2021,AI,0,6.3,0,5210000
2021,AF,0,6.3,0,5210109
2021,AI,0,7.2,0,5210109
2021,AI,0,6.6,0,5210158
2021,AF,0,4.8,0,5210208
2021,AI,0,6,0,5210208
2021,AI,0,6.2,0,5210307
2021,AF,0,5.7,0,5210406
2021,AI,0,6.4,0,5210406
2021,AI,0,6.1,0,5210562
2021,AI,0,6.6,0,5210604
2021,AI,0,6,0,5210802
2021,AF,0,6.1,0,5210901
2021,AI,0,6.8,0,5210901
2021,AI,0,5.5,0,5211008
2021,AF,0,5.9,0,5211206
2021,AI,0,6.4,0,5211206
2021,AI,0,6.3,0,5211305
2021,AI,0,6.9,0,5211404
2021,AF,0,5.7,0,5211503
2021,AI,0,6.3,0,5211503
2021,AF,0,5.9,0,5211701
2021,AI,0,6.4,0,5211701
2021,AI,0,6.5,0,5211800
2021,AF,0,5.8,0,5211909
2021,AI,0,6.2,0,5211909
2021,AI,0,7,0,5212006
2021,AI,0,6.7,0,5212055
2021,AF,0,5.6,0,5212105
2021,AI,0,5.9,0,5212105
2021,AF,0,6.5,0,5212204
2021,AI,0,5.7,0,5212204
2021,AI,0,5.5,0,5212253
2021,AF,0,4.6,0,5212303
2021,AI,0,5.1,0,5212303
2021,AF,0,4.4,0,5212501
2021,AI,0,5.9,0,5212501
2021,AI,0,5.5,0,5212600
2021,AI,0,4.8,0,5212709
2021,AI,0,5.6,0,5212808
2021,AI,0,5.8,0,5212956
2021,AI,0,5.7,0,5213004
2021,AI,0,5.9,0,5213053
2021,AF,0,5.3,0,5213087
2021,AI,0,6.1,0,5213087
2021,AF,0,4.9,0,5213103
2021,AI,0,6.4,0,5213103
2021,AI,0,5.8,0,5213400
2021,AI,0,4.9,0,5213509
2021,AF,0,5.7,0,5213707
2021,AI,0,6.3,0,5213707
2021,AF,0,5.7,0,5213756
2021,AI,0,5.6,0,5213756
2021,AI,0,5.6,0,5213772
2021,AF,0,5.7,0,5213806
2021,AI,0,6.2,0,5213806
2021,AI,0,6.3,0,5213855
2021,AI,0,6.5,0,5213905
2021,AF,0,5.8,0,5214002
2021,AI,0,5.6,0,5214002
2021,AI,0,5.3,0,5214051
2021,AI,0,6,0,5214101
2021,AI,0,6.5,0,5214408
2021,AF,0,5.9,0,5214507
2021,AI,0,6.3,0,5214507
2021,AF,0,5.5,0,5214606
2021,AI,0,5.7,0,5214606
2021,AI,0,6.4,0,5214705
2021,AF,0,4.7,0,5214838
2021,AI,0,5.3,0,5214838
2021,AI,0,6.7,0,5214861
2021,AI,0,6.2,0,5214879
2021,AI,0,5.2,0,5214903
2021,AI,0,6.6,0,5215009
2021,AI,0,6.8,0,5215207
2021,AI,0,6,0,5215231
2021,AI,0,5.7,0,5215256
2021,AF,0,6.2,0,5215306
2021,AI,0,6.3,0,5215306
2021,AF,0,6.4,0,5215405
2021,AI,0,6.7,0,5215405
2021,AI,0,7,0,5215504
2021,AF,0,5,0,5215603
2021,AI,0,5.6,0,5215603
2021,AI,0,7.1,0,5215652
2021,AF,0,5.5,0,5215702
2021,AI,0,6.6,0,5215702
2021,AI,0,6.7,0,5215801
2021,AI,0,6.3,0,5215900
2021,AI,0,6.6,0,5216007
2021,AI,0,6.1,0,5216304
2021,AF,0,6.3,0,5216403
2021,AI,0,5.7,0,5216403
2021,AI,0,6.2,0,5216452
2021,AI,0,6.3,0,5216809
2021,AI,0,5.6,0,5216908
2021,AF,0,5.7,0,5217104
2021,AI,0,6.1,0,5217104
2021,AF,0,5.5,0,5217203
2021,AI,0,6.3,0,5217203
2021,AI,0,6.2,0,5217302
2021,AI,0,6.5,0,5217401
2021,AF,0,5.1,0,5217609
2021,AI,0,5.6,0,5217609
2021,AF,0,5.8,0,5217708
2021,AI,0,6.2,0,5217708
2021,AF,0,5.5,0,5218003
2021,AI,0,5.7,0,5218003
2021,AI,0,6.3,0,5218052
2021,AI,0,6,0,5218102
2021,AF,0,6,0,5218300
2021,AI,0,5.7,0,5218300
2021,AF,0,5.9,0,5218508
2021,AI,0,6.3,0,5218508
2021,AI,0,7,0,5218607
2021,AI,0,6.2,0,5218706
2021,AI,0,5.9,0,5218789
2021,AF,0,6,0,5218805
2021,AI,0,6.7,0,5218805
2021,AF,0,6.4,0,5218904
2021,AI,0,6.8,0,5218904
2021,AI,0,6.9,0,5219001
2021,AI,0,6.5,0,5219100
2021,AI,0,5,0,5219209
2021,AI,0,6,0,5219258
2021,AI,0,5.9,0,5219308
2021,AI,0,5.9,0,5219407
2021,AI,0,6.3,0,5219456
2021,AI,0,6.9,0,5219506
2021,AF,0,5.3,0,5219605
2021,AI,0,6,0,5219605
2021,AF,0,5.8,0,5219704
2021,AI,0,6.2,0,5219704
2021,AI,0,5.7,0,5219712
2021,AI,0,5.9,0,5219738
2021,AF,0,5.3,0,5219753
2021,AI,0,5.5,0,5219753
2021,AF,0,4.5,0,5219803
2021,AI,0,5.1,0,5219803
2021,AI,0,6,0,5219902
2021,AI,0,6,0,5220009
2021,AI,0,6.6,0,5220058
2021,AF,0,5.8,0,5220108
2021,AI,0,6.4,0,5220108
2021,AI,0,6,0,5220157
2021,AI,0,6.3,0,5220207
2021,AF,0,5.9,0,5220264
2021,AI,0,6.1,0,5220264
2021,AI,0,6.5,0,5220280
2021,AF,0,6.2,0,5220405
2021,AI,0,6.5,0,5220405
2021,AF,0,5,0,5220454
2021,AI,0,5.7,0,5220454
2021,AF,0,5.9,0,5220504
2021,AI,0,6.2,0,5220504
2021,AF,0,5.4,0,5220603
2021,AI,0,6.2,0,5220603
2021,AI,0,5.2,0,5220686
2021,AF,0,5.1,0,5221007
2021,AI,0,6.7,0,5221007
2021,AI,0,5.3,0,5221080
2021,AI,0,5.9,0,5221197
2021,AI,0,7.1,0,5221304
2021,AF,0,5.6,0,5221403
2021,AI,0,6.1,0,5221403
2021,AI,0,6,0,5221452
2021,AI,0,6.6,0,5221502
2021,AF,0,5.9,0,5221551
2021,AI,0,5.4,0,5221551
2021,AF,0,6.1,0,5221577
2021,AI,0,6,0,5221577
2021,AF,0,5.6,0,5221601
2021,AI,0,6.1,0,5221601
2021,AF,0,6.4,0,5221700
2021,AI,0,6.7,0,5221700
2021,AI,0,6.9,0,5221809
2021,AF,0,5.7,0,5221858
2021,AI,0,5.8,0,5221858
2021,AI,0,5.8,0,5221908
2021,AF,0,6.4,0,5222005
2021,AI,0,6.9,0,5222005
2021,AF,0,5.4,0,5222054
2021,AI,0,5.6,0,5222054
2021,AF,0,5.4,0,5222203
2021,AI,0,6.3,0,5222203
2021,AI,0,5.8,0,5222302
