cod_municipio,ano,item1_mde,item1_fundeb,itens3e4_mde_edu_inf,itens3e4_mde_edu_fun,itens3e4_fundeb_pag_mag,itens3e4_fundeb_outras_desp,dedu_const,item2_perc_cert
5200050,2016,18395743.58,6520168.76,91732.03,8366181.07,4235082.61,2185746.06,3940296.86,24.56
5200100,2016,25690349.31,4618016.87,473489.1,6875714.6,3825847.3,696372.61,1002162.26,24.71
5200134,2016,36265913.32,8257865.7,365560.53,12930166.06,6380469.61,1427262.98,2558393.2,29.61
5200159,2016,10213489.38,783632.1,347832.71,1551685.82,530434.07,319448.24,-812328.26,26.55
5200175,2016,15613373.2,2208008.39,0,4053187.41,1506743.07,718560.48,-329214.53,28.07
5200209,2016,12678039.73,776745.7,93433.6,2492122.3,791393.67,18601.02,-1436545.6,31.72
5200258,2016,117505721.04,77427403.32,17208821.27,79914750.84,58299908.63,19516408.57,64182429.5,28.03
5200308,2016,41623054.28,11964329.43,120888.74,18187682.3,10390528.71,1785677.39,6011334.01,29.54
5200506,2016,10143023.61,131229.78,0,1009616.36,128880.56,0,-1625086.35,25.98
5200555,2016,1,1,1,1,1,1,1,1
5200605,2016,15294716.75,3572292,0,5162558.89,2417258.06,1121892.7,1087443.92,26.64
5200803,2016,14491081.55,4662971.27,25914.97,6136570.33,3710924.73,1186385.54,2446355.8,25.64
5200829,2016,11393609.34,1569352.64,13.5,2778193.27,983970.19,543260.61,-476958.05,28.57
5200852,2016,11114076.16,1775645.11,0,2875719.8,1055924.66,691610.13,-141317.87,27.15
5200902,2016,13181752.75,654354.7,1652.8,2521315.86,654354.7,99553.89,-1415209.54,29.88
5201108,2016,522648467.38,121210642.58,46427352.41,169925051.15,116185206.31,6496534.43,56460832.37,30.59
5201207,2016,9576493.48,362051.38,0,1453891.26,339141.86,13878.25,-1228545.87,28.01
5201306,2016,29727279.69,5555476.51,431127.44,8944850.13,4275674.48,1395933.68,938008.13,28.38
5201405,2016,0,0,0,0,0,0,0,0
5201454,2016,14778281.23,2100061.32,376844.27,2641900.86,1706490.71,260124.05,-466924.16,23.59
5201504,2016,22804218.35,2292797.34,303619.87,6641772.71,1714261.85,757417.83,-760230.62,33.79
5201603,2016,10515851.61,789424.21,0,1604235.71,578360.6,262431.33,-1059049.54,25.33
5201702,2016,22404823.81,7208670.62,326693.08,9666551.37,5092824.41,2013164.5,3466664.69,29.13
5201801,2016,13251847.38,3847761.56,0,5633424.82,2732791.8,1189935.82,2120238.71,26.51
5202155,2016,13403170.27,2679835.97,0,4072165.62,2248556.49,421578.42,314007.32,28.04
5202353,2016,13356843.2,1505132.25,0,3494671.91,1225341.44,364125.9,-638022.21,30.94
5202502,2016,18788296.75,3540677.15,65812.1,5905692.42,2183746.57,1298483.19,720660.71,27.95
5202601,2016,10958692.51,833507.71,119672.06,1671450.72,646171.3,231028.38,-1187111.97,27.18
5202809,2016,10787085.39,1694904.67,394457.4,2159135.05,1565644.11,136117.2,-270413.79,26.18
5203104,2016,10414816.74,964350.93,163.45,3102609.42,952697.52,0,-740078.24,36.9
5203203,2016,37867942.82,5824348.91,0,16083237.39,5224111.77,576729.26,2362374.03,36.23
5203302,2016,52941635.2,7424184.96,35683.07,12771958.59,6012673.71,1373282.46,-729957.02,25.57
5203401,2016,14163792.82,2476890.73,24496.58,3781003.35,2113469.39,314749.91,-7588.46,26.92
5203500,2016,38371383.35,12581560.04,423.2,15410784.29,10771227.2,2912055.99,7255985.17,21.25
5203559,2016,11301884.33,3305283.26,24110.46,4211491.1,2548597.13,867145.29,1546150.42,23.8
5203575,2016,14261129.12,1253943.99,0,3552296.83,1118654.73,246,-1336376.49,34.28
5203609,2016,10880654.86,1061384.83,0,2163922.5,691960.72,353552.15,-762861.06,26.9
5203807,2016,15285267.96,2404084.6,23894.42,3416661.06,1483447.5,596383.08,-388624.94,25.05
5203906,2016,20054741.72,3330803.96,225104.57,6897818.71,2778258.91,583251.83,655739.03,32.25
5203939,2016,12460546.73,844888.12,0,2110033.33,541849.67,285308.4,-1254454.2,27
5203962,2016,11416911.62,1316526.01,0,2571209.46,1301898.94,76663.03,-604563.7,27.82
5204003,2016,14703041.29,3301555.5,0,6238780.45,3301555.5,259680.6,571697.49,38.54
5204102,2016,21603032.72,4121824.33,1444053.96,6237195.72,2528289.07,1542698.41,1109202.87,30.42
5204201,2016,34279256.62,5044691.21,1573567.08,10279821.73,4190205.01,0,-605349.78,36.34
5204250,2016,10280718.36,370127.46,21855.61,1096470.83,307910.93,64212.38,-1496444.36,25.43
5204300,2016,41182779.01,5855747.18,735042.7,12412137.26,4700142.21,1239423.44,332509.42,31.12
5204409,2016,39771401.14,5034850.38,988641.89,10719888.27,4935003.16,3800,-1322935.61,32.77
5204508,2016,100996048.86,33414153.38,19740947.06,30839721.28,33406224.45,8799284,30582636.43,19.8
5204557,2016,10281151.27,1316253.23,0,3287535.45,1316253.23,0,-561858.76,37.44
5204607,2016,10019814.51,2208597.48,3958.92,3128200.24,1949767.61,195553.77,298127.52,28.28
5204656,2016,11211637.4,2191670.45,37458.74,3177635.02,1735093.76,440157.97,226601.01,26.66
5204706,2016,17151364.57,3927374.73,0,5617205.81,2948399.59,931540.14,1153596.02,26.02
5204805,2016,23415994.45,3390612.13,246522.46,6736200.38,3371406.98,594186.68,546804.31,27.49
5204854,2016,13043176.61,3932249.48,72157.89,6099059.94,2710603.52,1206608.9,1726958.9,34.07
5204904,2016,23478190.65,11508139.92,44190.18,15354218.1,9253085.71,3013802.42,9057545.69,27.01
5204953,2016,10895596.34,2089713.75,34.4,3134936.34,1512959.74,577060.14,293425.01,26.08
5205000,2016,15615056.94,3240358.67,0,5957020.68,3346154.54,538349.72,1147074.06,30.8
5205059,2016,11535112.12,1460698.69,0,2631768.07,1533709.33,466,-479028.45,26.97
5205109,2016,260139123.56,27205195.51,2236500.45,48860755.72,26390461.93,718172.67,-12843963.32,24.58
5205208,2016,12847329.75,1938606.99,3286.88,3282810.34,1938606.99,597053.95,-335211.45,28.19
5205307,2016,22239165.79,5254670.43,55664.28,9656309.19,4994970.98,292965.92,1466684.44,37.08
5205406,2016,33661071.19,5129715.66,424701.79,9219624.29,4711272.73,467870.45,796659.72,26.28
5205455,2016,23542231.92,2454061.5,0,5666582.53,1815586.25,650006.39,-1303909.78,29.61
5205471,2016,52367442.27,7806580.45,2089855.83,13091009.38,5603026.44,1911370.36,-462108.24,29.87
5205497,2016,54692469.6,37253988.16,7226.09,42706690.91,29463868.18,5434044.84,30171724.76,22.93
5205513,2016,28846615.48,12592962.94,12133.2,15748299.47,9469667.1,3557531.95,8087387.78,26.6
5205521,2016,12633635.37,1710287.18,0,4436266.34,1295285.67,308769.47,-376384.02,38.09
5205703,2016,10845023.31,812031.72,10840,1911142.43,655179.81,209794.7,-1039372.16,27.31
5205802,2016,18166721.78,3429048.73,0,5276058.97,3008479.71,390581.57,264451.91,27.59
5205901,2016,24535655.89,4201297.25,379819.67,7925855.91,3010197.29,1218509.52,-162825.06,34.52
5206206,2016,99384632.23,36892262.57,225323.56,46887778.48,28922633.07,9129281.76,22611523.35,24.65
5206305,2016,14735294.55,2322882.91,0,3703376.49,1523957.11,834287.04,-188243.35,26.41
5206404,2016,1,1,1,1,1,1,1,1
5206503,2016,10624529.72,978673.91,28970.51,2020428.94,585412.51,399268.41,-898683.13,27.75
5206602,2016,11383406.54,380348.83,610119.36,860334.44,364677.53,1490.47,-1545825.84,26.5
5206701,2016,10877010.94,1175355.03,0,1971278.15,856399.9,339000.82,-565494.17,23.32
5206800,2016,10821117.18,1084412.82,41758.63,1748447.1,895683.93,243648.65,-792387.33,23.87
5206909,2016,17123899.63,751252.02,77771.38,2718087.24,676048.04,88897.49,-2449992.13,30.63
5207105,2016,10734334.71,426052.38,68604.29,1282463.53,337456.62,132379.71,-1379571,25.44
5208301,2016,11283009.78,2753931.04,19387.6,3766418.06,1793600.79,929368.95,880055.82,25.75
5207253,2016,18345096.01,2590118.84,0,6135767.71,2442490.51,129136.46,-110516.77,34.05
5207352,2016,15313110.74,2656039.75,17387.53,4902537.14,2487932.62,274828.04,592402.62,28.26
5207402,2016,30750240.06,4529954.04,73645.49,7629834.96,4529954.04,0,-405627.76,26.37
5207501,2016,10991279.83,1750486.36,2084.57,2628486.13,1425264.4,372434.38,-162595.47,25.41
5207535,2016,13910987.16,2693836.49,112792.54,4124850.07,1801378.63,854990.53,1009264.81,23.21
5207600,2016,11654877.23,1157657.44,22219.03,3000226.14,741540.09,450817.07,-829695.65,33.05
5207808,2016,17261974.44,2668338.09,1066827.29,3573830.18,2198336.79,491459.34,-415757.62,29.29
5207907,2016,19086141.63,6312724.74,45678.9,11240651.69,5336504.62,2464521.22,3926017.51,38.56
5208004,2016,108108950.35,49047011.34,39719097.67,19031799.78,38817466.97,8523031.33,36266722.22,20.8
5208103,2016,12777338.42,1306662.52,0,2717915.32,937967.79,355319.97,-1047014.63,29.47
5208152,2016,14523952.1,2652488.61,865.3,4691655.98,2609349.61,26375.57,82277.29,31.74
5208400,2016,21310570.13,5051468.84,143686.71,7832352.7,4490567.22,1350965.59,1686379.76,29.51
5208509,2016,11890723.82,1678655.32,36285.34,3393204.3,1358982.21,333899.9,-251491.87,30.96
5208608,2016,89704397.41,24825353.57,1835567.85,32787081.82,18900185.28,6430782.19,13103502.23,23.99
5208707,2016,2396742358.25,369542245.78,4278900,827344781.49,332035000,37399539.52,210777920.32,25.9
5208806,2016,49668161.31,18705978.62,4121898.8,26052199.02,18705978.62,218411.29,12902889.51,34.77
5208905,2016,34766839.91,5177907.41,248655.25,11124877.63,3763882.15,1312591,356676.47,31.69
5209101,2016,74512803.91,12300376.56,2142205.84,22254342.1,11770884.65,1222107.07,3922970.95,27.48
5209150,2016,15854795.53,2158023.05,34013.18,4350142.26,1916554.49,238590.33,-587024.42,31.35
5209200,2016,20622255.49,5506402.04,9109.8,9111911.84,3879898.39,1462518.93,3331037.7,28.08
5209291,2016,10118793.37,780452.89,64005.16,2219989.74,780452.89,37263.69,-1051112.47,32.96
5209408,2016,13135764.51,1973281.36,0,4096030.53,1973281.36,125812.68,-293085.14,33.41
5209457,2016,10805760.62,621359.73,0,2430277.08,621359.73,423426.41,-1084033.85,32.52
5209606,2016,10642316.19,668921.86,166230.08,2125650.65,126199.48,254971.52,-788699.77,28.95
5209705,2016,36969369.62,10122506.14,24939.04,14589544.36,7958342.58,1975013.83,5688597.33,24.14
5209804,2016,12424218.19,1081472.8,99393.07,2414465.1,1081472.8,332348.34,-1122257.97,29.27
5209903,2016,16223412.14,5466458.22,1244673.42,7733201.52,5160750.35,271477.13,2691955.08,38.75
5209937,2016,15451196.92,3723455.18,1363727.49,5176728.42,3723455.18,1383108.8,1502134.42,32.61
5209952,2016,23643870.46,7716453.08,121891.38,11460557.42,6420885.42,1257570.43,3477520.54,34.28
5210000,2016,58816360.06,17045379.14,173788.62,23340253.33,13616876.12,3491487.74,8758645.99,25.09
5210109,2016,54184905.27,11726165.03,1503312.5,20003548.76,8533538.76,6070061.47,5015087.34,30.44
5210158,2016,10070864.31,1007095.64,0,2740879.25,874987.16,242945.3,-725385.33,34.42
5210208,2016,39511089.05,6256662.25,3268186.85,7429710.66,5677804.48,638390.92,521196.03,25.76
5210307,2016,10821294.7,570966.16,153.44,2279648.89,564974.4,0,-1274791.16,32.85
5210406,2016,64292762.56,17697032.7,1804696.46,27051641.99,12360829.16,5275570.18,7705899.79,32.9
5210562,2016,11223765.08,2045221.68,34795.83,3028390.5,1468752.67,547815.85,47117.5,26.87
5210604,2016,11846486.61,1368449.09,160216.15,2486513.17,1072200.72,296306.11,-671712.14,28.01
5210802,2016,16419582.45,1987276.88,379974.14,4582520.58,1709113.4,158328.34,-714849.73,34.58
5210901,2016,28133029.28,7111063.47,159125.39,10395174.63,5926494.96,2159501.42,2470058.74,28.74
5211008,2016,14560258.07,1905592.51,0,4681401.43,1284764.88,1033523.96,-472395.85,35.4
5211206,2016,33039346.38,7684749.25,289115.12,11835483.69,6666834.86,1065530.98,3990087.08,24.62
5211305,2016,20739759.11,2564815.38,275432.62,7062099.8,184857.58,3003557.16,1027817.27,30.42
5211404,2016,12810110.18,2079656.57,92793.3,3223107.96,2079656.57,61788.53,-85807.81,26.55
5211503,2016,165868264.99,44558248.7,88970.24,64742951.28,38076178.53,6506375.24,22501328.38,25.52
5211602,2016,15264174.75,263777.07,0,1591030.96,263777.07,0,-2433322.15,26.36
5211701,2016,17586125,3223934.63,12970,5314033.37,2874727.66,320177.81,219729.48,29.04
5211800,2016,47364654.33,16924594.34,931919.72,23691513.46,15399762.66,2160343.98,10767139.13,29.25
5211909,2016,204886174.45,39004541.05,13132973.25,53233782.72,33193418.93,5801921.05,10023811.19,27.5
5212006,2016,10483477.55,1097070.2,0,2575579.33,968924.07,72537.11,-791172.56,32.11
5212055,2016,10033693.4,939993.28,59215.11,1785344.37,705098.84,234943.86,-849788.67,26.85
5212105,2016,18660284.47,3768491.85,255792.41,5505499.91,3168614.98,553753.16,667706.42,27.3
5212204,2016,34552266.35,6017158.36,85057.79,15140947.29,5719625.88,174577.59,862696.25,41.57
5212253,2016,10886315.24,702437.71,541.04,2152575.97,702437.71,71841.26,-1140135.28,30.25
5212303,2016,14446421.59,3715274.1,18598.31,6017956.11,2465854.16,1202257.22,1609835.7,30.64
5212501,2016,173914335.61,74958530.44,0,98892426.31,61464703.69,15007116.36,53314677.87,26.21
5212600,2016,10817155.39,985400.56,0,2062175.17,904527.6,164606.97,-861719.52,27.03
5212709,2016,12459372.52,3320025.28,0,5018063.98,2815851.08,1018027.16,2063668.74,23.71
5212808,2016,17566258.85,3460610.62,0,5920019.77,3046263.21,484583.38,807790.84,29.1
5212907,2016,10420553.45,501253.94,283044.98,1006221.82,436163.8,42007.83,-1317947.01,25.02
5212956,2016,0,0,0,0,0,0,0,0
5213004,2016,18980315.78,5627222.99,990.9,9662941.53,4794948.29,681377.05,2432107.62,38.1
5213053,2016,10648668.04,1147561.69,15120,2170440.71,918524.32,61027.3,-608239.6,26.24
5213087,2016,70619139.67,14812268.92,7951047.06,14842763.72,12901954.19,1447197.01,3910681.77,26.74
5213103,2016,121193348.89,25667866.65,11269086.32,28398469.25,22971157.22,3269546.33,7803082.73,26.29
5213400,2016,10659209.93,322324.73,0,1232319.11,216967.37,120595.1,-1624215.62,26.8
5213509,2016,11670939.11,3092620.74,0,5153950.13,3164032.86,121327.03,1277621.21,33.21
5213707,2016,19883167.14,4062497.53,118312.72,6537109.64,2544116.62,1425180.61,764662.63,29.63
5213756,2016,39877912.71,6616807.85,0,17020800.65,6616807.85,1034860.45,3042495.67,35.05
5213772,2016,10988537.82,1949469.08,0,3629663.56,1685414.76,254104.53,811480.79,25.65
5213806,2016,74614984.41,12902306.85,322575.41,20808236.13,9225971.91,3919275.83,1870912.84,25.81
5213855,2016,10097469.75,1511673.61,0,2234335.2,904640.59,590497.97,-317212.12,25.27
5213905,2016,14428611.22,1693893.84,34967.84,3286260.68,1419183.57,254374.36,-811962.01,28.65
5214002,2016,30209928.91,6528330.68,0,10003659.66,4802822.03,1398911.53,1249177.05,28.98
5214051,2016,14567790.43,2299444.82,772146.72,5339741.98,1863828.59,352437.04,585712.67,37.93
5214101,2016,11613758.11,1589593.23,0,3021336.2,1434759.96,68992.63,-408251.64,29.53
5214408,2016,14831827.56,2607881.82,5894.5,3699093.69,2026622.92,626819.17,113520.36,24.21
5214507,2016,55539534.49,12931550.24,2861007.4,22060862.53,11844286.66,959509.21,4731482.5,36.35
5214606,2016,69191290.49,17101001.86,8669897.66,36792315.6,17101001.86,0,15790040.84,42.88
5214705,2016,10790722.57,1411959.92,560936.26,2724261.41,1103950.43,287366.3,-468522.11,34.79
5214804,2016,10771772.18,434388.67,63443.37,1330768.56,298077.42,166784.83,-1505192.33,26.92
5214838,2016,1,1,1,1,1,1,1,1
5214861,2016,11127777.76,1783155.97,2800.47,3253838.74,1763024.97,21151.27,3179.06,29.24
5214879,2016,10232838.07,1208586.37,49958.52,2540990.67,1208586.37,45635.49,-417696.31,29.4
5214903,2016,12672813.82,1495864.95,0,3372707.28,1046978.53,732031.77,-697639.49,32.12
5215009,2016,15007197.12,2602210.02,0,4551525.17,2437611.23,159634.8,109361.98,29.6
5215207,2016,11294874.86,969736.32,117385.8,1935410.16,624176.9,310709.96,-1000650.09,27.03
5215231,2016,54582798.55,34926742.77,58530.45,39242671.19,25764219.13,9574763.93,26088610.67,24.21
5215256,2016,12567678.13,1469239.23,94.72,4579074.53,1325923.9,139694.29,-672232.37,41.78
5215306,2016,26270541.41,6198097.67,85363.72,10830832.16,5084760.37,1010376.76,1789231.55,34.74
5215405,2016,13421067.69,2356555.04,78255.18,3926648.04,2352186.66,0,-49099.9,30.21
5215504,2016,29101654.62,2052667.83,388272.4,7127784.23,1927548.98,128513.79,-1463552.09,30.86
5215603,2016,38013834.64,22407395.22,2142652.44,25086700.6,16403256.49,5821267.15,17256391.95,26.24
5215652,2016,12643937.83,1103948.13,259405.03,2348271.86,898508.03,189996.52,-1044267.69,28.88
5215702,2016,54916671.1,7632749,122295.41,13605395.1,4524590.2,3194148.75,146134.23,24.73
5215801,2016,10003533.36,552917.97,0,1652246.74,439580.77,107118.12,-1247884.45,28.99
5215900,2016,13598915.14,1700444.53,25754.22,3185113.12,1598233.66,78178.7,-503734.63,27.32
5216007,2016,12304587.82,1009586.59,0,2158430.43,935017.07,73504.27,-954036.28,25.3
5216304,2016,15862477.46,3864391.92,11708.02,5908030.98,3103886.82,756770.93,1108403.73,30.33
5216403,2016,40120486.43,5163752.57,325738.87,9347871.22,3884285.79,347483.24,-509205.52,25.38
5216452,2016,23465310.12,1625667.85,212481.37,4514928.2,1625667.85,37391.7,-2217458.45,29.6
5216809,2016,16263805.38,0,16904.77,4432868.09,0,0,-666657.26,31.46
5216908,2016,15382505.48,741818.61,0,3449654.44,608850.12,133143.82,-1266198.7,30.66
5217104,2016,43429232.22,8218942.01,1250830.21,14442691.07,6751786.22,1182454.83,1415363.07,32.88
5217203,2016,20877245.26,3424556.9,7500,7411746.65,3066255.9,354841.77,152210.21,34.81
5217302,2016,30729785.58,9430241.27,78004.04,12319445.01,7930631.42,1486004.88,4398777.49,26.03
5217401,2016,46575117.83,6115145.19,942523.57,10560582.15,4785275.08,1318367.55,-1745294.13,28.45
5217609,2016,63037834.75,58467288.1,0,76104392.94,55553001.28,13485099.85,51009305.56,39.81
5217708,2016,30124744.53,5396180.7,0,8432459.04,5065938.76,184667.03,588884.97,26.04
5218003,2016,55996023.45,16618220.9,101884.86,26272937.4,15798736.98,275976.75,9217978.4,30.64
5218052,2016,16717313.92,1681502.16,44572.03,3447517.89,1409056.45,254660.61,-1000504.42,26.87
5218102,2016,17889345.84,1506914.71,246716.27,3055495.27,1506914.71,804.75,-1524781.05,26.98
5218300,2016,38172067.69,14852730.91,266042.67,20636767.66,12530510.92,2537854.12,9225476.24,30.59
5218391,2016,11194135.53,424550.96,0,1566147.21,424550.96,22081.26,-1470776.59,27.13
5218508,2016,92341758.52,19987595.06,0,36061920.27,19987595.06,760025.31,7177456.66,31.28
5218607,2016,16045547.55,3730669.73,0,6080312.81,2157650.67,1526021.83,1024584.19,31.51
5218706,2016,12206660.31,1746104.77,66452.34,2729313.16,1571907.52,150406.54,-378687.43,26.01
5218789,2016,21224809.72,2591162.08,1213390.52,4239410.96,2013327.11,628888.06,-20799.64,25.79
5218805,2016,418576585.32,82889110.95,11885173.99,132732758.74,77585414.77,2854010.72,27540630.07,27.97
5218904,2016,30500546.16,7773315.67,41592.12,12153359.34,7835008.94,138718.15,3187511.23,29.53
5219001,2016,12636706.98,2348118.36,360,4244439.63,1529849.14,903665.91,395386.79,30.46
5219100,2016,11809034.59,2743680.73,64409.33,3926709.22,1682764.69,993105.15,695726.56,27.91
5219209,2016,12657123.09,802632.18,0,1692818.99,718260.8,106649.28,-1511590.94,25.32
5219258,2016,16195908.17,2231520.59,0,3542818.91,1869009.32,82176.74,-705170.6,26.23
5219308,2016,64545180.1,10676504.6,0,20728653.92,6811387.53,4200461.37,1269792.15,30.15
5219357,2016,11036436.34,784299.25,0,1869446.93,720152.03,18739.58,-1107120.75,26.97
5219407,2016,12924422.44,2428413.17,275507.84,3532895.91,2427521.27,3859.99,440970.86,26.05
5219456,2016,11356418,951576.4,0,3542565.13,917675.18,284.02,-761255.61,37.9
5219506,2016,10683707.59,799026.97,0,2129996.99,799026.97,359.25,-1079566.4,30.04
5219605,2016,12098452,1881753.75,207275.32,2811907.85,1326962.69,472840.96,-291893.04,27.37
5219704,2016,12406416.91,4521598.57,0,6097268.46,2914715.28,1531990.56,2432500.37,29.54
5219712,2016,16616937.89,1956251.49,90731.84,4273248.9,1646849.75,276894.15,-747750.03,30.76
5219738,2016,49074917.73,43949728.57,8385638.37,43584474.75,32316429.76,13729170.22,40591488.87,23.19
5219753,2016,13262138.51,2697164.87,257123.2,3971430.56,1960637.18,670097.39,888162.49,25.19
5219803,2016,19255486.67,4283953.2,72725.69,7861660.15,4387487.7,11607.98,1152713.67,35.22
5219902,2016,12572551.92,2314068.14,22508.18,4600743.14,2403589.58,3903.45,1294191.44,26.48
5220058,2016,22440919.75,4845517.51,0,9120276.91,4701392.32,1122.38,933449.78,36.48
5220009,2016,10947519.1,654826,2200,1635887.01,448315.55,241379.62,-1340508.65,27.21
5220108,2016,43569046.87,10489119.03,4382680.1,11378605.05,8889826.22,1505174.47,4744505.38,25.29
5220157,2016,14976324.07,2491475.81,3702.26,4017087.53,1991252.91,504959.16,-185429.72,28.09
5220207,2016,38668846.09,8766944.05,89942.16,13995120.28,7993150.19,295364.27,2824704.64,29.12
5220264,2016,11820610.28,2219580.14,76307.6,4047770.69,1920545.55,453745.73,662401.77,29.29
5220280,2016,11809641.39,520292.37,0,1388124.21,505803.32,19.7,-1651452.96,25.74
5220405,2016,1,1,1,1,1,1,1,1
5220454,2016,208743223.2,70169621.28,20342474,70561902.74,45729239.16,23758283.62,38613650.04,25.05
5220504,2016,22243775.99,3516499.08,293822.3,7049807.21,2692339.25,1050770.84,377660.17,31.32
5220603,2016,38401526.32,6814177.85,104751.37,12759699.1,4438782.6,2112823.04,874153.04,31.22
5220686,2016,11027037.73,3109264.7,0,4256435.33,2491877.13,631618.5,1147968.62,28.19
5220702,2016,11273461.2,792863.57,0,2587987.05,640733.86,235633.88,-1118083.08,32.87
5221007,2016,10999282.64,1454568.18,3800,2735934.62,1298025.8,168043.01,-378118.78,28.35
5221080,2016,10061527.07,1478246.34,359530.63,2318115.64,1142054.52,347825.08,-246879.13,29.07
5221197,2016,15957166.7,3033499.25,511402,5037572.13,3033499.25,1016535.79,496800.21,31.66
5221304,2016,10470187.96,1278105.5,122064.56,2722191.83,808528.8,466430.2,-463993.53,31.6
5221403,2016,96995011.48,33813213.87,491279.95,51183874.48,26278957.64,6582231.21,23541456.13,29.01
5221452,2016,12824179.51,1230437.06,0,3506732.56,959219.94,305561.32,-1033447.54,35.4
5221502,2016,12989659.75,1597431.51,93460.63,3380103.45,1469623.49,66328.78,-487352.05,30.49
5221551,2016,22406334.12,3399923.46,0,6174633.86,2933658.24,347281.46,-445704.03,29.55
5221577,2016,10431859.67,1421229.34,0,3719568.81,1367683.12,52829.75,-240758.58,37.96
5221601,2016,44925273.1,10960897.09,0,19945745.39,8790227.79,2049410.27,5025089.65,33.21
5221700,2016,19670213.4,4251004.98,171345.17,6423249.06,3477545.97,492294.21,1323162.28,26.8
5221809,2016,13830832.7,1104371.11,2740,3066264.98,971506.72,165108.62,-1406106.59,32.36
5221858,2016,138700212.67,80718680.22,21558782.3,84717801.83,64414667.02,15229953.58,69408047.78,26.58
5221908,2016,11445196.19,1129989.52,0,2540124.91,1139960.06,182966.31,-443800.95,26.07
5222005,2016,23102128.5,5847183.98,360785.23,9807443.37,5074432.02,1340469.56,2662009.96,32.49
5222054,2016,17802704.66,4051598.09,49772.26,7068899.84,3420986.67,623904.85,2076009.01,28.33
5222203,2016,11407094.08,3299944.54,0,4179358.08,1716647.62,1677981.07,1374378.55,24.59
5222302,2016,15551143.14,2591887.99,12255.06,4766361.7,1748166.42,804618.93,-32640.54,30.94
5200050,2015,14619237.37,5715251.09,309307.68,8270897.51,3989863.13,1753479.02,3509095.83,26.24
5200100,2015,18541461.89,4224619.35,284909.7,6708781.86,3298089.53,1284344.81,1820621.92,22.74
5200134,2015,28548117.65,7440298.32,164578.62,12834879.7,6327925.62,1744317.55,2726180.4,29.89
5200159,2015,8743810.35,670965.96,176846.07,1622273.48,517168.74,222620.05,-861763.33,27.7
5200175,2015,12927721.56,2175738.61,0,3670340.47,1435115.6,785085.79,-208642.62,27.99
5200209,2015,11230331.83,603006.68,128437.64,2164077.91,606101.6,31280.73,-1316035.25,30.16
5200258,2015,74585684.78,70554919.88,203203.43,84102865.75,49003134.18,22177196.8,60303933.05,23.19
5200308,2015,28411306.46,11383548.56,190250.93,16808333.39,9613672.55,1735445.76,7000638.46,28.06
5200506,2015,9148590.25,147474.54,0,1099435.03,147679.71,0,-1333263.92,25.69
5200555,2015,41645136.16,4191691.28,0,10789743.37,3722280.79,340604.93,-3127106.64,28.98
5200605,2015,12224216.87,3356345.14,0,5297031.06,2848127.88,664122.53,1141623.12,28.71
5200803,2015,12053940.3,4707637.03,31250.6,5594246.53,3083661.27,1454376.64,2725073.69,22.25
5200829,2015,9605441.84,1286759.98,0,2499838.96,942128.3,380450.93,-501492.47,30.17
5200852,2015,10408613.94,1687757.74,0,2738414.79,1031129.38,734819.2,-67202.45,25.99
5200902,2015,9605105.94,626184.07,4166.2,1980753.53,612513.2,42168.25,-919878.96,28.58
5201108,2015,313543507.53,113873500.19,25550155.51,204228992.46,91659637.86,23057271.98,60764576.93,29.68
5201207,2015,8062691.19,384640.13,1168.9,1342905.87,347643.35,37958.5,-1109532.53,29.86
5201306,2015,24452217.02,5571798.14,211473.61,8701124.34,4288675.85,1422243.83,1139668.73,27.06
5201405,2015,256572497.16,115513137.81,10685867.45,212299201.19,104715412.09,11932964.64,99853532.48,25.31
5201454,2015,10788036.97,1951157.51,43538.59,4187491.76,1672499.83,396701.8,92230.38,36.26
5201504,2015,16406282.2,2039180.82,434322.22,6004334.87,1464680.7,485119.02,-695680.73,32.59
5201603,2015,8944716.3,757852.28,0,1593776.75,598767.31,214113.37,-774997.12,25.23
5201702,2015,17661539.83,6659277.15,198414.29,9227257.99,4065567.91,2748119.57,3530993.85,28.98
5201801,2015,9773847.32,3429407.45,0,4970590,2711967.75,731297.52,1910641.53,25.17
5202155,2015,11394280.4,2253901.88,0,3969712.47,1965389.89,352160.49,42818.84,31.29
5202353,2015,11066837.59,1401968.96,0,2855226.44,1109953.22,270802.5,-575479.62,25.97
5202502,2015,15402526,3424056.18,124430.59,6347588.94,2470775.31,896832.73,954817.31,25.25
5202601,2015,9568914.86,768754.19,102697.78,1782308.32,690608.12,84153.25,-1062540.51,28.35
5202809,2015,9390007.49,1271109.05,166439.36,2199684.57,1221780.01,56812.75,-478249.44,27.12
5203104,2015,10083400.9,1189589.32,0,2746269.1,1173545.93,48053.12,-611392.8,30.49
5203203,2015,24609270.39,5643605.46,0,15504472.15,5430491.26,378160.46,3301670.81,25.21
5203302,2015,36105356.95,6527460.61,20765.84,11754405.7,4980586.56,1538460.26,-234358.24,27.3
5203401,2015,11643126.83,2178633.33,3413.47,3345693.7,1811598.18,415184.19,-12428.22,25.96
5203500,2015,28386468,11745892.8,105.02,18867214.06,8697739.64,2823959.69,6488405.79,36.75
5203559,2015,9219846.42,3345830.84,62606.86,3795319.16,2370502.44,799947.32,1633091.96,21.36
5203575,2015,11918762.56,1109149.53,0,2882515.25,989536.47,143578.07,-1005994.27,30.68
5203609,2015,9206128.58,850360.06,0,2284139.86,668769.09,236589.35,-626067.47,29.65
5203807,2015,13879844.04,2143722.54,23427.15,3151352.64,1261809.09,686839.69,-436096.43,24.94
5203906,2015,17375889.53,3194026.32,326955.75,6004430.72,2247654.9,916766.51,93575.47,29.94
5203939,2015,9210625.4,871848.19,0,1712259.9,727962.28,135591.52,-850971.9,27.19
5203962,2015,10312355.71,1337116.69,0,2265065.3,1104159.03,310144.5,-464720.61,25.62
5204003,2015,11817369.13,3148702.6,0,4767674.17,3041574.81,533819.1,855407.29,28.03
5204102,2015,16917376.1,3771295.58,1047358.77,6747556.54,2912266.48,928083.35,894222.3,29.66
5204201,2015,29011719.68,5469629.28,1337393.28,10425310.01,4769256.75,692141.05,10456.91,31.36
5204250,2015,8747736.91,302929.71,40071.07,1093424.1,226731.4,75229.2,-1334603,26.78
5204300,2015,28244810.56,5237661.17,261473.15,10653861.42,3027838.77,2275974.61,163998.96,30.08
5204409,2015,31640500.13,4860001.12,779887.99,10614636.67,4788277.94,171483.2,-924317.38,31.71
5204508,2015,56211831.49,31508691.9,13522620.84,47197488.22,24126511.31,8562057.34,26206229,22.58
5204557,2015,8840991.21,1195483.89,0,2945392.6,1179600.87,0,-359849.86,35.92
5204607,2015,9130959.4,1739131.31,30681.41,2679245.36,1628907.47,136979.56,66251.17,27.78
5204656,2015,9428328.58,1863612.44,0,2909875.75,1624006.5,238604.86,541050.15,23.41
5204706,2015,13142644.94,3581005.81,0,5062889.68,2994259.06,684172.1,1260877.98,25.66
5204805,2015,16133572.84,3278351.5,249251.58,6051498.78,2811636.14,573049.72,732093.46,26.62
5204854,2015,10958768.73,4090460.15,0,6179964.98,2776750.56,1354894.69,2270715.65,32.49
5204904,2015,18799250.42,11255689.07,41398.52,13910133.75,9324002.17,2712498.87,8952064.71,23.16
5204953,2015,8896350.55,1966166.91,0,2858565.61,1383311.69,652468.67,268874.43,28.44
5205000,2015,12388219.22,2997268.72,274.8,5395692.94,2037223.37,305160.34,1114882.19,32.19
5205059,2015,10033388.66,1420777.64,275820.52,2731283.46,1429212.96,1360,-290578.38,27.98
5205109,2015,178732267.16,25397571.52,1954883.14,48956534.12,27960747.73,4908.45,-9412889.24,26.35
5205208,2015,9066008.27,1820445.91,1887.74,3207282.05,1677878.31,395513.12,652364.69,26.39
5205307,2015,19950982.87,5124672.39,93135.34,8530004.22,4638821.14,477981.84,1501248.8,33.72
5205406,2015,23116784.29,4953749.71,84312.67,9799266.62,4107957.12,757588.9,2200785.19,25.54
5205455,2015,20038920.84,2179886.64,0,5272331.41,1804749.9,390066.05,-1296266.09,27.27
5205471,2015,35905134.88,6776147.45,2658007.66,11850285.81,4319500.86,2462178.31,-218364.34,27.06
5205497,2015,32919491.92,34544574.43,151644.01,40736026.9,26784172.44,6554305.54,29726505.3,22.87
5205513,2015,21267609.87,11344090.14,56589.35,13519871.38,8118178.92,3360175.42,7480031.88,25.06
5205521,2015,10761968.57,1607355.66,0,4247863.78,1207483.2,467702.52,-47991.93,36.04
5205703,2015,9372443.85,781192.49,33577.98,1774898.28,614547.29,134626.48,-930767.38,27.65
5205802,2015,14370555.56,3279563.9,0,5585596.75,3053146.99,424170.73,612186.97,31.9
5205901,2015,20405996.81,3565030.96,380656.4,7072179.76,2883792,682441.01,-432114.85,34.98
5206206,2015,73022261.72,33387023.47,174511.18,50881992.19,26718399.53,7649433.12,26777314.57,25.79
5206305,2015,9368103.62,2088667.01,0,3595649.62,1695823.25,556297.72,494544.95,31.6
5206404,2015,26520313.12,5804759.3,0,15411087.04,4029118.53,614308.29,2119977.58,40.22
5206503,2015,9213604.26,673768.58,39377.57,1728774.15,494368.74,186530.63,-1056466.56,29.29
5206602,2015,9373669.35,335029.34,601961.79,1385062.04,335581.77,7097.82,-1399073.58,27.86
5206701,2015,10493141.29,1069745.67,0,1705231.02,823765.67,260975.14,-781328.66,23.46
5206800,2015,8922559.2,966440.55,25652.61,1892898.54,874069.75,125646.41,-677285.47,25.37
5206909,2015,16036139.18,622286.09,136577.72,2513946.6,600175.95,96012.52,-2188157.19,28.64
5207105,2015,9304711.05,425851.6,74495.34,1202791.72,300814.03,84034.7,-1287491.19,25.71
5208301,2015,9117736.37,2548531.16,24883.74,3886055.65,1544725.78,1040982.7,1093792.5,26.44
5207253,2015,14008266.78,2156750.26,0,5244829.18,2163511.12,20000,-234238.67,35.35
5207352,2015,11534275.13,2434886.5,38986.92,5013843.22,2363072.13,52365.52,284374.71,25.32
5207402,2015,21226637.99,4203744.88,33165.9,7084548.54,4542319.53,0,95795.52,27.18
5207501,2015,9064952.71,1714434.35,3297.9,2529716.84,1315920.13,402825.81,27972.36,26.28
5207535,2015,10387082.78,2243653.81,28422.08,3643977.48,811807.15,752631.82,1402837.46,19.98
5207600,2015,9918712.04,979280.85,4273.38,2783853.8,829465.4,195267.21,-684161.63,31.98
5207808,2015,14757291.09,2530024,908099.5,4074347.17,1807148.58,770196.18,-230355.39,27.07
5207907,2015,16058536.71,6482341.73,0,9807666.55,4152754.28,2688724.73,4573660.96,30.95
5208004,2015,70308779.95,45958473.77,38047991.15,54351721.64,37494252.99,7714434.4,34678281.37,20.16
5208103,2015,9366150,1258875.45,0,2561076.84,1053173.85,250889.64,-413762.76,30.74
5208152,2015,11072432.74,2274839.09,3326.53,4405066.68,2325769.65,2930.64,274478.93,35.61
5208400,2015,16440671.73,5304205.3,33026.18,6972821.84,3818999.09,1349216.71,2391820.88,24.97
5208509,2015,9972611.88,1790995.16,9456,3071048.39,1322095.16,490005.34,47157.52,28.33
5208608,2015,59034634.4,21661594.44,1911660.43,35283392.7,17176865.44,5776509.27,20650613.53,17.65
5208707,2015,997673321.82,337659300.86,9835470,746555596.94,307809762.32,31292571.34,148233696.89,26.87
5208806,2015,32191407.87,18296859.94,2636079.3,25513147.37,17269514.98,1206281.53,12890354.97,27.43
5208905,2015,26107716.55,4896147.16,207823.74,10542103,4109697.42,990087.32,445184.26,33.26
5209101,2015,52365820.28,15297289.65,1734335.2,26544293.22,13109090.93,1014115.2,6821589.3,30.36
5209150,2015,12645822.65,2219603.2,43146.84,4031455.12,2053970.23,204644.73,-186390.17,30.72
5209200,2015,15791752.65,5369717.21,2353.96,8535635.29,3942402.52,1598197.01,3406763.96,27.49
5209291,2015,8590410.41,704894.91,5050,1967511.58,863889.73,354.12,-920028.93,32.41
5209408,2015,11116639.4,1948031.15,0,3549655.12,1832517.68,4276.69,-123708.19,31.31
5209457,2015,8558430.86,639426.61,0,2251273.7,599112.05,450086.78,-846516.89,32.77
5209606,2015,9332003.4,590724.82,42941.6,1704944.77,478642.04,127852.15,-676072.67,25.19
5209705,2015,25900476.42,8532249.71,7507.28,13097455.62,6779160.73,1766291.93,4042857.78,25.92
5209804,2015,9152067.43,1024704.78,10131.41,2285623.52,1041101.32,195097.59,-573214.09,30.64
5209903,2015,13176295.89,5529363.07,72523.98,9647589.6,4742284.02,885428.3,3181038.39,34.99
5209937,2015,12742160.06,3441324.77,1209934.28,6207632.43,3547980.07,1061250.82,1329804.65,35.46
5209952,2015,20059436.54,6948858.63,101641.05,11760081.65,5138810.9,1965238.56,3139292.5,35.28
5210000,2015,41919218.77,15532911.58,131555.87,21258199.46,12336621.47,2802057.6,8521756.76,25.03
5210109,2015,38322381.74,10222055.15,1869658.28,15727790.95,8069830.52,3861301.48,4374789.41,25.34
5210158,2015,9168219.52,861919.31,0,2628937.85,688894.23,173171.78,-712559.55,35.58
5210208,2015,27326746.33,5043630.68,2530801.89,9038924.08,4420274.33,616388.84,23548.63,26.16
5210307,2015,9114426.99,638306.22,690,2288343.13,660323.24,11923.68,-865400.03,32.69
5210406,2015,47776430.62,14887009.5,2524684.7,23909946.34,10616552.94,4439443.64,7078651.1,30.36
5210562,2015,9515575.64,1858303.01,36117.36,2713028.19,1323441.76,580982.66,169179.34,25.56
5210604,2015,9224342.55,1381760.31,110550.37,2397217.59,1082833.26,290641.5,-333498.11,26.78
5210802,2015,12079460.16,1923351.48,200605.7,4445017.93,1416783.17,485382.57,-208507.19,35.61
5210901,2015,21199291.4,6123267.85,2037.61,9452051.04,5417848.4,2175757.91,2143459.65,31.19
5211008,2015,12046949.31,1783713.39,0,4462885.9,1383173.06,738521.82,-275644.1,34.36
5211206,2015,24115040.66,7435294.96,202809.89,11032840.11,5724490.42,1767230.51,3556813.55,26.9
5211305,2015,14700513.14,2636280.54,70126.43,6076020.68,63660.43,2923140.35,1441105.71,25.83
5211404,2015,10253240.13,1828289.75,39400,3759903.95,1987719.02,93370.48,-64312.2,31.39
5211503,2015,115773811.86,41919336.18,69637.77,60441197.97,37850259.7,5042641.5,21654476.01,25.8
5211602,2015,13686951.5,292666.14,0,1440739.48,318573.69,3491.44,-2035411.08,24.64
5211701,2015,13735217.78,3124593.65,11827.6,4789633.83,2617118.4,550763,513987.62,27.61
5211800,2015,34294450.65,15684194.12,478272.88,20460179.43,12224476.62,3792893.76,9476886.72,26.22
5211909,2015,139395952.91,34962540.3,8664661.86,61213556.27,33190268.24,1969858.68,10103446.84,26.12
5212006,2015,8922710.57,1013960.81,0,2278603.91,925556.43,114554.17,-647459.11,31.08
5212055,2015,8254066.53,938256.35,31493.44,1800713.2,591846.41,329501.18,-668197.64,28.82
5212105,2015,13758247.66,3401030.6,198855.75,5239277.43,2670935.68,777462.83,968301.17,28.4
5212204,2015,26013613.44,5574992.08,297279.34,13582249.31,5553332.89,91477,812815.4,41.33
5212253,2015,8933596.97,550413.02,240,2132559.95,550134.99,100994.87,-942457.98,31.91
5212303,2015,12141446.05,3568918.93,70437.15,5258954.81,2279969.3,1385568.83,1849336.09,26.64
5212501,2015,119575496.3,73348400,0,91372045.94,57134250.8,14141899.18,52005223.39,24.4
5212600,2015,9229439.94,905438.59,0,1908149.27,778564.57,77803.02,-800107.83,27.75
5212709,2015,10900486.94,3313358.29,0,4503126.14,2498847.02,844119.19,1372502.2,28.17
5212808,2015,13374140.22,3215409.89,0,6075986.6,2665443.35,558858.32,1450201.2,30.68
5212907,2015,9774756.05,479966.19,405582.11,1370821.14,459535.06,43405.61,-957817.85,23.09
5212956,2015,10565896.73,1549748.24,129059.6,2888175.92,1492797.51,295088.22,-335780.7,28.64
5213004,2015,16335789.46,5570281.92,15.9,8857611.1,4093794.42,1704462.01,3087133.44,32.56
5213053,2015,9212486.38,1053511.76,0,2286466.86,762389.57,300656.22,-566663.21,27.62
5213087,2015,52543052.19,13343742.99,3495806.59,24125032.01,12059720.26,1403333.84,5723400.93,29.29
5213103,2015,81495100.46,22801059.84,7046218.71,41653217.72,21008194.32,1506183.78,8881037.75,29.87
5213400,2015,9128588.02,285008.92,0,1187710.38,271051.14,16886.84,-1457556.18,28.07
5213509,2015,9587477.05,3069785.6,0,4356318.49,2542185.46,646750.92,1517683.12,27.95
5213707,2015,15677812.88,3561819.37,88931.68,6317651.67,2275954.18,1434822.66,686275.39,30.71
5213756,2015,34921933.09,6431767.49,0,15348566.32,6193057.47,216859.79,1491723.88,35.01
5213772,2015,9348134.36,1868437.67,2148,3556064.93,1579558.91,301769.21,315139.47,33.74
5213806,2015,55078474.15,11873858.36,1521318.21,19192931.79,8322306.61,3801789.73,1812356.52,25.42
5213855,2015,8757867.53,960714.53,0,1565283.74,706063.27,296006.42,-719598.58,25.13
5213905,2015,12154570.6,1577827.86,47520.45,3034641.35,1272073.33,359665.21,-628500.43,28.3
5214002,2015,24021015.57,6195915.47,0,10367716.29,4480400.02,1991789.33,1758995.74,32.57
5214051,2015,12435897.23,2264299.28,66110.2,4814687.82,1063544.39,860070.23,382959.97,34.2
5214101,2015,9520713.54,1526654.7,0,2570704.05,1269447.31,384699.95,-57749.94,25.94
5214408,2015,12224564.17,2447905.11,0,3574325.38,1583336.79,900227.52,187400.71,25.3
5214507,2015,38780918.55,12353863.73,349476.99,19799064.46,10059170.94,2469304.02,5012009.96,29.4
5214606,2015,51174224.66,16502618.99,5591409.04,47643600.8,28222092.15,0,20976917.84,42.08
5214705,2015,8633418.75,1290157.51,456416.56,2916886.38,1034182.99,283498.62,-294759.97,35.54
5214804,2015,9273927.02,385497.42,32610.58,1231760.25,280553.64,153131.97,-1304442.75,26.44
5214838,2015,27049443.44,5344032.59,4056.12,11012521.77,4822533.27,772459.8,489181.34,34.83
5214861,2015,9692384.03,1599774.07,179.5,2958923.85,1591981.14,45621.19,-127796.47,30.34
5214879,2015,8843709.98,1160078.8,145622.23,2488940.02,1121200.96,156769.56,-421385.26,32.06
5214903,2015,11007410.66,1450978.98,0,3052507.55,922434.8,602504.39,-385588.88,29.85
5215009,2015,10693796.78,2485347.65,0,4139783.38,2202473.92,270939.96,435036.09,29.52
5215207,2015,10006235.64,930498.04,0,2103825.93,720584.45,261318.61,-827377.18,27.5
5215231,2015,41821023.57,34957627.99,304030.11,37608929.29,24675651.43,9193241.45,27112618.07,19.34
5215256,2015,10094444.77,1368667.23,0,3081611.27,1369279.15,1151.96,-508310.95,32.41
5215306,2015,22257166.08,5497811.49,123358.06,9675086.41,4898485.39,763022.04,1379142.12,35.01
5215405,2015,11587544.22,2174343.52,52307.84,4765346.21,2183009.48,0,1219759.65,28.67
5215504,2015,18895509.89,1814811.68,212633.44,8043089.83,1617435.78,169755.13,-1503384.95,33.71
5215603,2015,28303661.88,20239142.16,2225407.56,26987604.94,15068394.55,7380202.56,17668077.99,27.66
5215652,2015,11311176.37,1232783.15,196908.76,2457481.3,799104.03,439976.01,-725999.67,26.4
5215702,2015,42510173.54,6888783.46,198598.71,12681651.69,4156066.08,2836962.82,-139912.14,25.43
5215801,2015,8736622.43,410597.85,0,1589971.78,365430.25,61760.76,-1073770.51,29.89
5215900,2015,11736924.97,1639013.82,3536.41,3155318.54,1623576.99,100522.4,-350050.48,28.36
5216007,2015,9931865.3,914741.44,0,1958274.31,827928.49,120462.79,-857327.72,26.97
5216304,2015,12754692.68,3632593.78,10086.05,5329523.25,3025962.22,612646.11,1238592.84,28.89
5216403,2015,33739931.55,4774098.15,24708.01,13586005.09,3595981.78,2122396.4,3500117,26.07
5216452,2015,18439000.57,1663618.05,159265.33,4005469.93,1773336.97,46897.83,-1548952.59,28.09
5216809,2015,12956536.23,1916705.24,4981.73,4415488.27,1886856.76,27106.42,-553868.85,32.06
5216908,2015,9349370.85,708346.95,0,2878187.5,589812.77,126566.32,-986406.37,28.99
5217104,2015,33718435.03,8036669.34,1054594.98,14082190.18,5563178.79,2635119.66,2268256.63,30.25
5217203,2015,15679161.92,3221684.12,1596.82,5896512.04,2499867.92,584553.78,305961.06,29.29
5217302,2015,24386734.66,8324003.15,19636.5,11732741.47,7015590.71,1588990.9,3988217.89,27.29
5217401,2015,32394585.31,6185728.08,817654.62,9519283.14,4848628.06,1425524.75,94404.27,25.97
5217609,2015,40151991.19,53606581.97,0,70343644.76,51091576.91,10428022.9,48669430.46,37.13
5217708,2015,24373526.02,4885129.16,0,7707884.37,4715830.11,422907.79,657246.78,25.19
5218003,2015,37622861.2,15234528.51,30695.55,23547594.05,15192167.85,395634.11,9031407.27,30.51
5218052,2015,14810478.53,1481466.43,28801.34,3375747.74,1303127.92,172856.68,-1028453,27.78
5218102,2015,15262642.61,1447013.5,203637.52,2615426.73,1438984.59,2000,-1398377.48,24.65
5218300,2015,26986128.3,13930731.88,0,20849337.12,12021017.46,2442754.65,9880936.09,33.82
5218391,2015,9057701.1,393587.73,0,1966124.38,392440.49,6445.15,-1216634.88,33.38
5218508,2015,62971196.74,17787140.3,233994.45,30242765.76,17029804.81,1887934.77,7372506.7,28.09
5218607,2015,13320720.62,3350223.71,1297.54,5607752.77,2241033.69,1227521.83,1000243.49,31.34
5218706,2015,10941378.3,1718035.96,64664.01,2704216.86,1472190.94,274195.92,-180684,24.61
5218789,2015,12386915.27,2033036.27,689459.05,4486705.79,1595842.68,336696.4,-238269.6,25.18
5218805,2015,270879014.22,74148195.66,10638823.36,147036300.14,74281249.05,375.55,23381446.61,32.01
5218904,2015,21153747.53,7325798.91,185200.67,10619641.75,6547447.73,898794.49,3504821.5,29.05
5219001,2015,10740555.02,2263711.79,0,4260682.39,1479184.43,901532.97,557806.91,31.57
5219100,2015,9538887.93,2445655.55,87066.89,3854366.73,1628752.22,930838.98,780356.34,28.95
5219209,2015,11307974.14,679682.06,0,1681859.6,808091.13,49917.54,-1451556.16,26.1
5219258,2015,13870772.3,2003699.59,0,3827169.34,1830651.4,301079.06,-536374.7,29.1
5219308,2015,47346412.23,9908436.71,0,18660575.44,9077688.72,41461.81,1613038.32,29.14
5219357,2015,10081172.95,626880.81,0,1966930.74,584617.02,49286.99,-1167632.09,28
5219407,2015,11111268.17,2217930.55,549535.84,3782600.8,2239167.33,125799.53,264791.27,29.27
5219456,2015,9345103.07,873458.43,0,3077581.23,900308.37,18969.17,-687173.31,38.53
5219506,2015,9037402.92,844834.33,0,1947894.31,834035.41,2083,-862340.02,29.46
5219605,2015,9624786.47,1741826.46,198566.71,2919083.07,1203177.86,568637.13,10138.72,29.56
5219704,2015,10190882.41,4018476.94,0,5612743.92,2750150.95,1518159.76,2100297.3,31.36
5219712,2015,12959275.79,1924354.91,943398.48,4308867.98,1654436.32,320570.6,-248131.37,30.57
5219738,2015,33205616.9,40494647.03,7165059.18,52675941.63,31482714.19,18018850.5,43377394.31,21.96
5219753,2015,9801091.45,2640517.2,289072.61,4111658.68,1792825.41,938530.32,996910.22,25.5
5219803,2015,15200274.59,4413545.23,78771.99,7935473.5,4244138.16,202076.7,2746834.48,31.11
5219902,2015,9426505.77,2067695.3,2227.7,4380628.81,2110762.42,20390.25,1561874.46,25.53
5220058,2015,14243012.88,4126501.9,0,7326006.9,4322950.24,167.01,1543396.32,36.67
5220009,2015,10040621.58,612600.11,1080,1575326.38,391194.41,219424.5,-1282764.71,27.47
5220108,2015,30013901.54,9239741.81,3247479.33,14015166.1,8512806.65,745233.93,4009808.39,25.74
5220157,2015,12999969.31,2309006.59,689.45,5253008.43,1744538.93,533398.99,999865.64,30.86
5220207,2015,28822963.62,8555286.94,46976.15,14247605.36,8259605.55,311248.87,3426033.78,31.58
5220264,2015,10018385.18,2046207.02,40136.2,3727848.06,1625767.84,492991.13,172714.89,32.71
5220280,2015,10351800.88,456773.04,0,1314067.2,453246.6,0,-1508830.17,26.94
5220405,2015,67067173.12,8263796.94,819654.03,15362485.81,7973386.89,275069.68,-4843661.79,27.59
5220454,2015,157572748.89,61413835.11,17481350.52,80378599.78,42839831.67,19241952.78,32339134.47,25.19
5220504,2015,17825065.52,3362744.38,297155.96,7189005.54,2620326.01,863930.12,427940.66,32.82
5220603,2015,29234189.3,5701613.07,270799.63,10976818.42,4461603.46,1648285.52,469414.11,30.62
5220686,2015,9283042.38,2891355.08,0,3898604.6,2566773.81,341547.93,1208292.93,27.32
5220702,2015,9662692.82,714134.25,0,2230386.52,701237.44,104398.47,-886853.96,31.53
5221007,2015,9257807.84,1365745.21,7368.59,2297432.27,1334007.06,28659.55,-312844.59,26.11
5221080,2015,8617010.02,1419207.38,154932.6,2541333.02,1044628.72,386788.67,-146143.68,29.92
5221197,2015,12606124.36,3047346,458139.52,5024997.56,3479807.74,623775.35,774339.09,30.54
5221304,2015,8816075.91,1040050.38,121330.85,2279029.86,733644.2,323254.62,-498677.33,29.87
5221403,2015,67379345.1,28674685.88,739912.81,45270665.52,22795193.4,6169502.92,20397272.16,27.3
5221452,2015,10889971.35,1130319.74,0,3122921.06,524670.89,612257.17,-797208.78,34.61
5221502,2015,11105758.82,1412701.11,59753.1,3612724.11,1288247.37,110965.86,-358787.72,33.26
5221551,2015,19500748.21,3011276.32,0,5753612.68,2748731,361204.4,-498971.89,29.17
5221577,2015,9302467.8,1268335.2,0,3384424.81,1268645.16,0,-379990.91,39.51
5221601,2015,34431597.74,9908307.37,0,18959104.09,7817319.89,2093173.86,5491697.2,32.27
5221700,2015,15937586.82,3928940.04,106162.77,6638415.75,3509295.78,658576.03,1539677.84,29.4
5221809,2015,11830043.85,1019014.58,1132.1,2300359.26,948746.68,98136.04,-1064495.98,27.46
5221858,2015,79557491.56,70836248.24,19722298.13,98565976.27,55276850.76,13686936.08,64002480.74,26.63
5221908,2015,9259087.34,1106823.77,0,2976532.97,969130.31,81061.07,-4932.54,29.75
5222005,2015,17940741.32,5416311.44,347688.02,9391121.52,4728633.14,1208527.83,2371473.41,32.91
5222054,2015,15177151.69,3904034.27,99944.7,5954418.53,2861176.8,967656.33,1484387.58,27.19
5222203,2015,9493884.79,3114361.13,0,4480395.07,1636634.95,1686155.82,1628879.39,27.51
5222302,2015,13668244.21,2349512.8,16009.92,4446850.28,1519867.81,927652.74,-83158.84,31.29
